origin_apk	original_path	target_path	density	purpose	source_sha256	target_sha256	byte_status
KeyguardSmartisan.apk	res/layout/keyguard_host_view_delta.xml	res/layout/keyguard_host_view_delta.xml	default	host_layout	5aa771ca888dd2b64de0da48cf8c8e33e098547a5b31d349efae549274dfe78c	5aa771ca888dd2b64de0da48cf8c8e33e098547a5b31d349efae549274dfe78c	exact
KeyguardSmartisan.apk	res/layout/tpage_layout.xml	res/layout/tpage_layout.xml	default	tpage_root	4c55157714f2c6b21ed4983442a2fcf724e0da12e5034f4623a4d971cea859a9	4c55157714f2c6b21ed4983442a2fcf724e0da12e5034f4623a4d971cea859a9	exact
KeyguardSmartisan.apk	res/layout/tpage_main_layout.xml	res/layout/tpage_main_layout.xml	default	main_page	b40694647c4762517d29f68273472397bade0bef75da34b30672d9ec9de12d64	b40694647c4762517d29f68273472397bade0bef75da34b30672d9ec9de12d64	exact
KeyguardSmartisan.apk	res/layout/tpage_widgets_layout.xml	res/layout/tpage_widgets_layout.xml	default	widget_page	aac133bf8858f55eba5f380e57dba9491bc13cc0407eb9685c6f67f1f9467006	aac133bf8858f55eba5f380e57dba9491bc13cc0407eb9685c6f67f1f9467006	exact
KeyguardSmartisan.apk	res/layout-xxhdpi/tpage_music_widget_view.xml	res/layout-xxhdpi/tpage_music_widget_view.xml	xxhdpi	music_widget	b74bee280ce7126bea8ce7bd2285680b3210be6c391321b0c6fb4f171ceb8f99	b74bee280ce7126bea8ce7bd2285680b3210be6c391321b0c6fb4f171ceb8f99	exact
KeyguardSmartisan.apk	res/layout-xxhdpi/tpage_weather_widget_view.xml	res/layout-xxhdpi/tpage_weather_widget_view.xml	xxhdpi	weather_widget	91971d67b4e2c1dea4915465550822e88c90f765ea28af1edf5547cee1dfd34c	91971d67b4e2c1dea4915465550822e88c90f765ea28af1edf5547cee1dfd34c	exact
KeyguardSmartisan.apk	res/layout/tpage_recorder_widget_view.xml	res/layout/tpage_recorder_widget_view.xml	default	recorder_widget	9733102974fbb35c9898d1839b8746ceccb786179a8386ef6dca27fb9737c485	9733102974fbb35c9898d1839b8746ceccb786179a8386ef6dca27fb9737c485	exact
KeyguardSmartisan.apk	res/layout/wireless_charging_display.xml	res/layout/wireless_charging_display.xml	default	charging_display	0fe8f378b1e0025d1c226cf76b014867a6929740f9a2b6b87b50c524e5c5e814	0fe8f378b1e0025d1c226cf76b014867a6929740f9a2b6b87b50c524e5c5e814	exact
KeyguardSmartisan.apk	res/layout/wireless_charging_music.xml	res/layout/wireless_charging_music.xml	default	charging_music	e0c3e3e5f8a7f93468ae9a9bc900e93cc90bd67cd5fb2b8d43506ea5b4c24760	e0c3e3e5f8a7f93468ae9a9bc900e93cc90bd67cd5fb2b8d43506ea5b4c24760	exact
KeyguardSmartisan.apk	res/layout/keyguard_pattern_view.xml	r2-baseline/security/layout/keyguard_pattern_view.xml	default	security_baseline	e64a456b446e2af00ef5a87991e9de1451f62f7a3276c50bbe54978a981968bc	e64a456b446e2af00ef5a87991e9de1451f62f7a3276c50bbe54978a981968bc	exact
KeyguardSmartisan.apk	res/layout-xxhdpi/keyguard_pin_view.xml	r2-baseline/security/layout-xxhdpi/keyguard_pin_view.xml	xxhdpi	security_baseline	30b8514f6110e0bb260e2edc68fcff5082f3de0020ee31589b1997dbfd18f2c3	30b8514f6110e0bb260e2edc68fcff5082f3de0020ee31589b1997dbfd18f2c3	exact
KeyguardSmartisan.apk	res/layout-xxhdpi/keyguard_password_view.xml	r2-baseline/security/layout-xxhdpi/keyguard_password_view.xml	xxhdpi	security_baseline	a4337f73e9970a3502a9cf5cfe2ef45119252da7935b870a06e144406cc25320	a4337f73e9970a3502a9cf5cfe2ef45119252da7935b870a06e144406cc25320	exact
KeyguardSmartisan.apk	res/layout-xxhdpi/keyguard_sim_pin_view.xml	r2-baseline/security/layout-xxhdpi/keyguard_sim_pin_view.xml	xxhdpi	security_baseline	ee3125ff2e591853bb56648e70f674ca6b7ae1a24a2504040928ca13f50f36d6	ee3125ff2e591853bb56648e70f674ca6b7ae1a24a2504040928ca13f50f36d6	exact
KeyguardSmartisan.apk	res/layout-xxhdpi/keyguard_sim_puk_unlock_view.xml	r2-baseline/security/layout-xxhdpi/keyguard_sim_puk_unlock_view.xml	xxhdpi	security_baseline	6d36a2821b47d3c1eba52d9651018924728082effe4bdd1b0d9e6f11fca37995	6d36a2821b47d3c1eba52d9651018924728082effe4bdd1b0d9e6f11fca37995	exact
KeyguardSmartisan.apk	res/layout-xxhdpi/keyguard_multi_sim_pin_view.xml	r2-baseline/security/layout-xxhdpi/keyguard_multi_sim_pin_view.xml	xxhdpi	security_baseline	a55dd02a0f1bc3c1e470d02dca9e674688e10e37398bd572f58d428f214a6913	a55dd02a0f1bc3c1e470d02dca9e674688e10e37398bd572f58d428f214a6913	exact
KeyguardSmartisan.apk	res/layout-xxhdpi/keyguard_multi_single_sim_pin_view.xml	r2-baseline/security/layout-xxhdpi/keyguard_multi_single_sim_pin_view.xml	xxhdpi	security_baseline	3b4224a99c25a2727fa92f31419bebe66a502cc94228dc5a1457b25b5f0a8dae	3b4224a99c25a2727fa92f31419bebe66a502cc94228dc5a1457b25b5f0a8dae	exact
KeyguardSmartisan.apk	res/layout-xxhdpi/easy_password_keyboard.xml	r2-baseline/security/layout-xxhdpi/easy_password_keyboard.xml	xxhdpi	security_baseline	b0c90880010d79f5b2c356f5d5fca27b1d294052093f1f8275d3ce1f6201e524	b0c90880010d79f5b2c356f5d5fca27b1d294052093f1f8275d3ce1f6201e524	exact
KeyguardSmartisan.apk	res/layout-xxhdpi/keyguard_pin_view.xml	res-keyguard/layout/sos_keyguard_pin_view.xml	responsive	credential_pin	30b8514f6110e0bb260e2edc68fcff5082f3de0020ee31589b1997dbfd18f2c3	5fb1fff23ad2de06eb03a8b641c0e6f4011d8ed3898b0f58e6c23d2cf65344a9	adapted
KeyguardSmartisan.apk	res/layout/keyguard_pattern_view.xml	res-keyguard/layout/sos_keyguard_pattern_view.xml	responsive	credential_pattern	e64a456b446e2af00ef5a87991e9de1451f62f7a3276c50bbe54978a981968bc	1be5a09de9e0376518cd67912bd4aa18840800a9c38e65bf9316a34a6374a605	adapted
KeyguardSmartisan.apk	res/layout-xxhdpi/keyguard_password_view.xml	res-keyguard/layout/sos_keyguard_password_view.xml	responsive	credential_password	a4337f73e9970a3502a9cf5cfe2ef45119252da7935b870a06e144406cc25320	fa08f90b4ec6989e40d61aa53f7824114c22574c235c5467c18266a60924ced9	adapted
KeyguardSmartisan.apk	res/layout-xxhdpi/keyguard_sim_pin_view.xml	res-keyguard/layout/sos_keyguard_sim_pin_view.xml	responsive	credential_sim_pin	ee3125ff2e591853bb56648e70f674ca6b7ae1a24a2504040928ca13f50f36d6	cd5949ae407ad4a4204b075ae8ca1b67bf43b9a172ef95ee3dfe9d6fda2a158b	adapted
KeyguardSmartisan.apk	res/layout-xxhdpi/keyguard_sim_puk_unlock_view.xml	res-keyguard/layout/sos_keyguard_sim_puk_view.xml	responsive	credential_sim_puk	6d36a2821b47d3c1eba52d9651018924728082effe4bdd1b0d9e6f11fca37995	42109d18c8c50f5a699ac846fc3263149517fe01a70c6b6619afb9543ae74cd3	adapted
KeyguardSmartisan.apk	res/layout-xxhdpi/easy_password_keyboard.xml	res-keyguard/layout/sos_sim_keyboard.xml	responsive	credential_keyboard	b0c90880010d79f5b2c356f5d5fca27b1d294052093f1f8275d3ce1f6201e524	62c907844925fd39180d219be10d5bc111ec474648a0941afbbdc582cc54ac0e	adapted
KeyguardSmartisan.apk	res/drawable-400dpi/easy_password_dot_empty.png	res/drawable-400dpi/easy_password_dot_empty.png	drawable-400dpi	pin_dots	32b67fbb873d81f750cc32beaa1341bdf91c16fac91f0dd87fa166088778a2ed	32b67fbb873d81f750cc32beaa1341bdf91c16fac91f0dd87fa166088778a2ed	exact
KeyguardSmartisan.apk	res/drawable-400dpi/easy_password_dot_error.png	res/drawable-400dpi/easy_password_dot_error.png	drawable-400dpi	pin_dots	e08527635d2a88c31bc27f1b056b85c7aabb90760fc25f65898e3c8a01d562d5	e08527635d2a88c31bc27f1b056b85c7aabb90760fc25f65898e3c8a01d562d5	exact
KeyguardSmartisan.apk	res/drawable-400dpi/easy_password_dot_full.png	res/drawable-400dpi/easy_password_dot_full.png	drawable-400dpi	pin_dots	a525c567ce17d1fd77bd0ad959a963d02b07f31055c5a6285b82f0e9852e26ed	a525c567ce17d1fd77bd0ad959a963d02b07f31055c5a6285b82f0e9852e26ed	exact
KeyguardSmartisan.apk	res/drawable-400dpi/keyguard_lock_pattern_view_background.png	res/drawable-400dpi/keyguard_lock_pattern_view_background.png	drawable-400dpi	pattern_renderer	6c6f06776458c705b57c3bc34668222a44848d822d339e07dc46d33c88cde914	6c6f06776458c705b57c3bc34668222a44848d822d339e07dc46d33c88cde914	exact
KeyguardSmartisan.apk	res/drawable-400dpi/keyguard_lock_pattern_view_circle_right.png	res/drawable-400dpi/keyguard_lock_pattern_view_circle_right.png	drawable-400dpi	pattern_renderer	3b4528af68b5d618b3d18ba0ec7f8537cbd388a118a1af3778c18b8b791bfdcb	3b4528af68b5d618b3d18ba0ec7f8537cbd388a118a1af3778c18b8b791bfdcb	exact
KeyguardSmartisan.apk	res/drawable-400dpi/keyguard_lock_pattern_view_circle_wrong.png	res/drawable-400dpi/keyguard_lock_pattern_view_circle_wrong.png	drawable-400dpi	pattern_renderer	c0fffd1bbfede0c82458da5f208ab2910a5242d2a01bbb068b83f21e21bd52b4	c0fffd1bbfede0c82458da5f208ab2910a5242d2a01bbb068b83f21e21bd52b4	exact
KeyguardSmartisan.apk	res/drawable-400dpi/keyguard_sim_pass_confirm_button.png	res/drawable-400dpi/keyguard_sim_pass_confirm_button.png	drawable-400dpi	sim_confirm	83c650d8597c09aa9815f575ea5fefb9edd9a27f58a0377144ce7628a4b65f69	83c650d8597c09aa9815f575ea5fefb9edd9a27f58a0377144ce7628a4b65f69	exact
KeyguardSmartisan.apk	res/drawable-400dpi/keyguard_sim_pass_confirm_button_disable.png	res/drawable-400dpi/keyguard_sim_pass_confirm_button_disable.png	drawable-400dpi	sim_confirm	c7fcfd8331a6f20aed1f0c6a2f8ad3182f52d915a726d91ecc119e15b898162b	c7fcfd8331a6f20aed1f0c6a2f8ad3182f52d915a726d91ecc119e15b898162b	exact
KeyguardSmartisan.apk	res/drawable-400dpi/keyguard_sim_pass_confirm_button_down.png	res/drawable-400dpi/keyguard_sim_pass_confirm_button_down.png	drawable-400dpi	sim_confirm	fdc57c1f1ccfd4a05320aa61f754946065cff0f4f0f8f5d7d47d39286367edca	fdc57c1f1ccfd4a05320aa61f754946065cff0f4f0f8f5d7d47d39286367edca	exact
KeyguardSmartisan.apk	res/drawable-400dpi/no0.png	res/drawable-400dpi/no0.png	drawable-400dpi	recorder_clock_digits	def7bf2c298b7b6fa8900c4a49d00e8f78f661f279c390ab7f22a4d51fc741df	def7bf2c298b7b6fa8900c4a49d00e8f78f661f279c390ab7f22a4d51fc741df	exact
KeyguardSmartisan.apk	res/drawable-400dpi/no1.png	res/drawable-400dpi/no1.png	drawable-400dpi	recorder_clock_digits	a87b68608bb136d675149005a0d5513e999cbe5a5618f14f2bd8d8dffd6ee4c7	a87b68608bb136d675149005a0d5513e999cbe5a5618f14f2bd8d8dffd6ee4c7	exact
KeyguardSmartisan.apk	res/drawable-400dpi/no2.png	res/drawable-400dpi/no2.png	drawable-400dpi	recorder_clock_digits	53d0074c7c02d34ca74205508f52602ebe5d42b0b60043423f1e334aadccc8cf	53d0074c7c02d34ca74205508f52602ebe5d42b0b60043423f1e334aadccc8cf	exact
KeyguardSmartisan.apk	res/drawable-400dpi/no3.png	res/drawable-400dpi/no3.png	drawable-400dpi	recorder_clock_digits	c12ae89fe804ac79b9d0ae12df63f602519852bc58486ffeb6c6270e648c9fef	c12ae89fe804ac79b9d0ae12df63f602519852bc58486ffeb6c6270e648c9fef	exact
KeyguardSmartisan.apk	res/drawable-400dpi/no4.png	res/drawable-400dpi/no4.png	drawable-400dpi	recorder_clock_digits	46d78007e72284f09e513c2cff7831cb1ee092902f5e161f2ee68f3b1fa7d2e6	46d78007e72284f09e513c2cff7831cb1ee092902f5e161f2ee68f3b1fa7d2e6	exact
KeyguardSmartisan.apk	res/drawable-400dpi/no5.png	res/drawable-400dpi/no5.png	drawable-400dpi	recorder_clock_digits	04a47a58f5e96ca025f5875f28c5ed98c0c7c17c5a513c90ebcb02c5fe7c3877	04a47a58f5e96ca025f5875f28c5ed98c0c7c17c5a513c90ebcb02c5fe7c3877	exact
KeyguardSmartisan.apk	res/drawable-400dpi/no6.png	res/drawable-400dpi/no6.png	drawable-400dpi	recorder_clock_digits	2371c2967c0a27539e0417081bc2354f382ba7bff21967864199e4a353977402	2371c2967c0a27539e0417081bc2354f382ba7bff21967864199e4a353977402	exact
KeyguardSmartisan.apk	res/drawable-400dpi/no7.png	res/drawable-400dpi/no7.png	drawable-400dpi	recorder_clock_digits	273e4b421d514b41bfbde9eecebe544ba596b6ac4c1a889afaae2bdb478edb12	273e4b421d514b41bfbde9eecebe544ba596b6ac4c1a889afaae2bdb478edb12	exact
KeyguardSmartisan.apk	res/drawable-400dpi/no8.png	res/drawable-400dpi/no8.png	drawable-400dpi	recorder_clock_digits	f836531b992991d0fd2c641b9517c9a42ea275188775ad1d78a8f5e5b75e6a1a	f836531b992991d0fd2c641b9517c9a42ea275188775ad1d78a8f5e5b75e6a1a	exact
KeyguardSmartisan.apk	res/drawable-400dpi/no9.png	res/drawable-400dpi/no9.png	drawable-400dpi	recorder_clock_digits	6c72bea15905c1c6742db9e8412ac743018a749babdba50ba9d807f063e981e5	6c72bea15905c1c6742db9e8412ac743018a749babdba50ba9d807f063e981e5	exact
KeyguardSmartisan.apk	res/drawable-xxhdpi/easy_password_dot_empty.png	res/drawable-xxhdpi/easy_password_dot_empty.png	drawable-xxhdpi	pin_dots	32b67fbb873d81f750cc32beaa1341bdf91c16fac91f0dd87fa166088778a2ed	32b67fbb873d81f750cc32beaa1341bdf91c16fac91f0dd87fa166088778a2ed	exact
KeyguardSmartisan.apk	res/drawable-xxhdpi/easy_password_dot_error.png	res/drawable-xxhdpi/easy_password_dot_error.png	drawable-xxhdpi	pin_dots	e08527635d2a88c31bc27f1b056b85c7aabb90760fc25f65898e3c8a01d562d5	e08527635d2a88c31bc27f1b056b85c7aabb90760fc25f65898e3c8a01d562d5	exact
KeyguardSmartisan.apk	res/drawable-xxhdpi/easy_password_dot_full.png	res/drawable-xxhdpi/easy_password_dot_full.png	drawable-xxhdpi	pin_dots	a525c567ce17d1fd77bd0ad959a963d02b07f31055c5a6285b82f0e9852e26ed	a525c567ce17d1fd77bd0ad959a963d02b07f31055c5a6285b82f0e9852e26ed	exact
KeyguardSmartisan.apk	res/drawable-xxhdpi/face_failed_00.png	res/drawable-xxhdpi/face_failed_00.png	drawable-xxhdpi	faceid_frames	b123776fb463a64aea4739db849e5be6f87c1021a6df9d0346d47e41b4bd319f	b123776fb463a64aea4739db849e5be6f87c1021a6df9d0346d47e41b4bd319f	exact
KeyguardSmartisan.apk	res/drawable-xxhdpi/face_failed_01.png	res/drawable-xxhdpi/face_failed_01.png	drawable-xxhdpi	faceid_frames	1e40c26856807122533683318ff5c538dc3489c2b1a7305960aee8e70c68ce52	1e40c26856807122533683318ff5c538dc3489c2b1a7305960aee8e70c68ce52	exact
KeyguardSmartisan.apk	res/drawable-xxhdpi/face_failed_02.png	res/drawable-xxhdpi/face_failed_02.png	drawable-xxhdpi	faceid_frames	9537d480704d427a031d00ae87590972ae2d038e29c63cb3dd2ffd73ad4d8bd5	9537d480704d427a031d00ae87590972ae2d038e29c63cb3dd2ffd73ad4d8bd5	exact
KeyguardSmartisan.apk	res/drawable-xxhdpi/face_failed_03.png	res/drawable-xxhdpi/face_failed_03.png	drawable-xxhdpi	faceid_frames	80d58cf57fc5ac8c24505e41f467a28ca3acce36af43929e3e9c04bbd76232ff	80d58cf57fc5ac8c24505e41f467a28ca3acce36af43929e3e9c04bbd76232ff	exact
KeyguardSmartisan.apk	res/drawable-xxhdpi/face_failed_04.png	res/drawable-xxhdpi/face_failed_04.png	drawable-xxhdpi	faceid_frames	7dea53849a801f8b48e601b22c314a735a69f4ec8672ebc5a83113ad4df6495c	7dea53849a801f8b48e601b22c314a735a69f4ec8672ebc5a83113ad4df6495c	exact
KeyguardSmartisan.apk	res/drawable-xxhdpi/face_failed_05.png	res/drawable-xxhdpi/face_failed_05.png	drawable-xxhdpi	faceid_frames	fc8f488eb2e352bc3b6a821a1ce120794ca79d0ce620b07fb785c4b9824bacb7	fc8f488eb2e352bc3b6a821a1ce120794ca79d0ce620b07fb785c4b9824bacb7	exact
KeyguardSmartisan.apk	res/drawable-xxhdpi/face_failed_06.png	res/drawable-xxhdpi/face_failed_06.png	drawable-xxhdpi	faceid_frames	16f2e06f11260d4f462f8d84c3fe692dbd43847d019702276de69e089b82316d	16f2e06f11260d4f462f8d84c3fe692dbd43847d019702276de69e089b82316d	exact
KeyguardSmartisan.apk	res/drawable-xxhdpi/face_failed_07.png	res/drawable-xxhdpi/face_failed_07.png	drawable-xxhdpi	faceid_frames	5378b63b0d3a27076dbc8d885c25fb09e542c1da05121b0b6a46278ed08c4964	5378b63b0d3a27076dbc8d885c25fb09e542c1da05121b0b6a46278ed08c4964	exact
KeyguardSmartisan.apk	res/drawable-xxhdpi/face_failed_08.png	res/drawable-xxhdpi/face_failed_08.png	drawable-xxhdpi	faceid_frames	43678b007dc0aeda8ccfad61be38d4dd86bdc2bc3c5a765f483a67e0f2575d4f	43678b007dc0aeda8ccfad61be38d4dd86bdc2bc3c5a765f483a67e0f2575d4f	exact
KeyguardSmartisan.apk	res/drawable-xxhdpi/face_failed_09.png	res/drawable-xxhdpi/face_failed_09.png	drawable-xxhdpi	faceid_frames	79fb1c7968dcbbed1a24d9e25489a8c6fe7abeb838004e66dec5cc36f6d7155f	79fb1c7968dcbbed1a24d9e25489a8c6fe7abeb838004e66dec5cc36f6d7155f	exact
KeyguardSmartisan.apk	res/drawable-xxhdpi/face_failed_10.png	res/drawable-xxhdpi/face_failed_10.png	drawable-xxhdpi	faceid_frames	0c1ff8d721b3a52ffbc7cbe7a174ec61d5ca875bdc7e1587e6d105d84b6948d3	0c1ff8d721b3a52ffbc7cbe7a174ec61d5ca875bdc7e1587e6d105d84b6948d3	exact
KeyguardSmartisan.apk	res/drawable-xxhdpi/face_failed_11.png	res/drawable-xxhdpi/face_failed_11.png	drawable-xxhdpi	faceid_frames	43dc1fd5fc4984376f4642f88f3ecbf6a8943a0b3009dae4f78df2fc5f60cea1	43dc1fd5fc4984376f4642f88f3ecbf6a8943a0b3009dae4f78df2fc5f60cea1	exact
KeyguardSmartisan.apk	res/drawable-xxhdpi/face_failed_12.png	res/drawable-xxhdpi/face_failed_12.png	drawable-xxhdpi	faceid_frames	4d6305798684832005a2fb2ea5941d0417c8f0f741cbd853c69ae4f1fcda3946	4d6305798684832005a2fb2ea5941d0417c8f0f741cbd853c69ae4f1fcda3946	exact
KeyguardSmartisan.apk	res/drawable-xxhdpi/face_failed_13.png	res/drawable-xxhdpi/face_failed_13.png	drawable-xxhdpi	faceid_frames	d8d79642aa730a79f02ff39c39f8dc7d956d7cd46805de0ef1a098125e071539	d8d79642aa730a79f02ff39c39f8dc7d956d7cd46805de0ef1a098125e071539	exact
KeyguardSmartisan.apk	res/drawable-xxhdpi/face_failed_14.png	res/drawable-xxhdpi/face_failed_14.png	drawable-xxhdpi	faceid_frames	0e7e9a3409b23dca4f0922e045561387684682f7da3433cc0fef6a4f93b00e71	0e7e9a3409b23dca4f0922e045561387684682f7da3433cc0fef6a4f93b00e71	exact
KeyguardSmartisan.apk	res/drawable-xxhdpi/face_failed_15.png	res/drawable-xxhdpi/face_failed_15.png	drawable-xxhdpi	faceid_frames	8bdfc68f51a08802023a6661c354a56c0e5a84a30cc5ef41eca7922ecfdb9fcc	8bdfc68f51a08802023a6661c354a56c0e5a84a30cc5ef41eca7922ecfdb9fcc	exact
KeyguardSmartisan.apk	res/drawable-xxhdpi/face_failed_16.png	res/drawable-xxhdpi/face_failed_16.png	drawable-xxhdpi	faceid_frames	04447f39d5b8ea01c136dab46c5dfb46654138de0a66e1e290b3aac0bd447760	04447f39d5b8ea01c136dab46c5dfb46654138de0a66e1e290b3aac0bd447760	exact
KeyguardSmartisan.apk	res/drawable-xxhdpi/face_failed_17.png	res/drawable-xxhdpi/face_failed_17.png	drawable-xxhdpi	faceid_frames	2d3081b1ef24a45cde853e77eb1622d619503ef0dec54cbea806b9542027c027	2d3081b1ef24a45cde853e77eb1622d619503ef0dec54cbea806b9542027c027	exact
KeyguardSmartisan.apk	res/drawable-xxhdpi/face_failed_18.png	res/drawable-xxhdpi/face_failed_18.png	drawable-xxhdpi	faceid_frames	dffa3aae4ab67a5b82a33c9ccdb7ba7242924b19465fc967c2f6421aa202d73b	dffa3aae4ab67a5b82a33c9ccdb7ba7242924b19465fc967c2f6421aa202d73b	exact
KeyguardSmartisan.apk	res/drawable-xxhdpi/face_failed_19.png	res/drawable-xxhdpi/face_failed_19.png	drawable-xxhdpi	faceid_frames	0c187f7b874450289dad9a41c5c9afb171635f17c6f75b587b34968c831d09b8	0c187f7b874450289dad9a41c5c9afb171635f17c6f75b587b34968c831d09b8	exact
KeyguardSmartisan.apk	res/drawable-xxhdpi/face_failed_20.png	res/drawable-xxhdpi/face_failed_20.png	drawable-xxhdpi	faceid_frames	050af8840cb0efb61f0d35061b12dad98d4b492826917fd815b3ff0d17748d1e	050af8840cb0efb61f0d35061b12dad98d4b492826917fd815b3ff0d17748d1e	exact
KeyguardSmartisan.apk	res/drawable-xxhdpi/face_failed_21.png	res/drawable-xxhdpi/face_failed_21.png	drawable-xxhdpi	faceid_frames	79db289d15f2f4297a9349e2c219fd378ed4dafffb69a97609487404d8926c79	79db289d15f2f4297a9349e2c219fd378ed4dafffb69a97609487404d8926c79	exact
KeyguardSmartisan.apk	res/drawable-xxhdpi/face_failed_22.png	res/drawable-xxhdpi/face_failed_22.png	drawable-xxhdpi	faceid_frames	2fa448941c45d4a58cf6e753e8ee0e861bbe07157d4ab31333f1a5e75de6d0ec	2fa448941c45d4a58cf6e753e8ee0e861bbe07157d4ab31333f1a5e75de6d0ec	exact
KeyguardSmartisan.apk	res/drawable-xxhdpi/face_failed_23.png	res/drawable-xxhdpi/face_failed_23.png	drawable-xxhdpi	faceid_frames	01bf327f1d4880c3e8ffc1065ab000b01fd3b2c2e84c9e811b1edb0aab3c53ce	01bf327f1d4880c3e8ffc1065ab000b01fd3b2c2e84c9e811b1edb0aab3c53ce	exact
KeyguardSmartisan.apk	res/drawable-xxhdpi/face_failed_24.png	res/drawable-xxhdpi/face_failed_24.png	drawable-xxhdpi	faceid_frames	f9dc7f3452b6c2683c62c828a50be558558102263fb8e6624f1711cc8ac821f2	f9dc7f3452b6c2683c62c828a50be558558102263fb8e6624f1711cc8ac821f2	exact
KeyguardSmartisan.apk	res/drawable-xxhdpi/face_failed_25.png	res/drawable-xxhdpi/face_failed_25.png	drawable-xxhdpi	faceid_frames	601f804a5d3f223246dd5590936b991c03ea674c0619521586633ada91640b49	601f804a5d3f223246dd5590936b991c03ea674c0619521586633ada91640b49	exact
KeyguardSmartisan.apk	res/drawable-xxhdpi/face_failed_26.png	res/drawable-xxhdpi/face_failed_26.png	drawable-xxhdpi	faceid_frames	a70f31edf65ef5978739340b88ffecb5622a65cc1171d8e8150a57a17b680549	a70f31edf65ef5978739340b88ffecb5622a65cc1171d8e8150a57a17b680549	exact
KeyguardSmartisan.apk	res/drawable-xxhdpi/face_failed_27.png	res/drawable-xxhdpi/face_failed_27.png	drawable-xxhdpi	faceid_frames	9e629a1318c331ebd9ac0aa52a5ef68e1a291a348788918e087c9c72c97f65c0	9e629a1318c331ebd9ac0aa52a5ef68e1a291a348788918e087c9c72c97f65c0	exact
KeyguardSmartisan.apk	res/drawable-xxhdpi/face_failed_28.png	res/drawable-xxhdpi/face_failed_28.png	drawable-xxhdpi	faceid_frames	40d897266aab27d152fa3c7f3eddf0bad02179b299b2ddbedca444a6e8573178	40d897266aab27d152fa3c7f3eddf0bad02179b299b2ddbedca444a6e8573178	exact
KeyguardSmartisan.apk	res/drawable-xxhdpi/face_failed_29.png	res/drawable-xxhdpi/face_failed_29.png	drawable-xxhdpi	faceid_frames	62839c3f03fe8ac1e228446c27868765201342319f13b415a62e17d7fdd696af	62839c3f03fe8ac1e228446c27868765201342319f13b415a62e17d7fdd696af	exact
KeyguardSmartisan.apk	res/drawable-xxhdpi/face_failed_30.png	res/drawable-xxhdpi/face_failed_30.png	drawable-xxhdpi	faceid_frames	d8f24696507d3175e3886eab1498147e34d5588a14356e3e591b66af37449ebc	d8f24696507d3175e3886eab1498147e34d5588a14356e3e591b66af37449ebc	exact
KeyguardSmartisan.apk	res/drawable-xxhdpi/face_failed_31.png	res/drawable-xxhdpi/face_failed_31.png	drawable-xxhdpi	faceid_frames	d160d5f9d065039e43a0ee2220f42f874a2754af78773a02ec2b72974ca92106	d160d5f9d065039e43a0ee2220f42f874a2754af78773a02ec2b72974ca92106	exact
KeyguardSmartisan.apk	res/drawable-xxhdpi/face_failed_32.png	res/drawable-xxhdpi/face_failed_32.png	drawable-xxhdpi	faceid_frames	44e480efddc23654b38c7fc5caf0a09afafc970d3dcbabfcffbda21ba3c10b74	44e480efddc23654b38c7fc5caf0a09afafc970d3dcbabfcffbda21ba3c10b74	exact
KeyguardSmartisan.apk	res/drawable-xxhdpi/face_failed_33.png	res/drawable-xxhdpi/face_failed_33.png	drawable-xxhdpi	faceid_frames	0da75f40db34ea5264756ede37c91a91dad8d25f9352ca37717855571090d3cd	0da75f40db34ea5264756ede37c91a91dad8d25f9352ca37717855571090d3cd	exact
KeyguardSmartisan.apk	res/drawable-xxhdpi/face_failed_34.png	res/drawable-xxhdpi/face_failed_34.png	drawable-xxhdpi	faceid_frames	92c8d9f52b9a32af34a3653684f09c758c1837a105798d03bfb95b4116346361	92c8d9f52b9a32af34a3653684f09c758c1837a105798d03bfb95b4116346361	exact
KeyguardSmartisan.apk	res/drawable-xxhdpi/face_failed_35.png	res/drawable-xxhdpi/face_failed_35.png	drawable-xxhdpi	faceid_frames	47fb8e8d7f7afdf1197cc8ce48c3ba18539b015cb0a59e8269f7dd78c7e8b559	47fb8e8d7f7afdf1197cc8ce48c3ba18539b015cb0a59e8269f7dd78c7e8b559	exact
KeyguardSmartisan.apk	res/drawable-xxhdpi/face_failed_36.png	res/drawable-xxhdpi/face_failed_36.png	drawable-xxhdpi	faceid_frames	e1d67bc2d7f1b202a21d9e54eb3f8015770a97ac75b67c6fa83f03f22b19ce58	e1d67bc2d7f1b202a21d9e54eb3f8015770a97ac75b67c6fa83f03f22b19ce58	exact
KeyguardSmartisan.apk	res/drawable-xxhdpi/face_failed_37.png	res/drawable-xxhdpi/face_failed_37.png	drawable-xxhdpi	faceid_frames	0c715c584ff485beede5fa3190d2caa5b7a08b875787037587f9674a723ca92d	0c715c584ff485beede5fa3190d2caa5b7a08b875787037587f9674a723ca92d	exact
KeyguardSmartisan.apk	res/drawable-xxhdpi/face_failed_38.png	res/drawable-xxhdpi/face_failed_38.png	drawable-xxhdpi	faceid_frames	7e7ef58011521fcfe9f82c19f783798dd0a63c3829205df4915d8641f13cee02	7e7ef58011521fcfe9f82c19f783798dd0a63c3829205df4915d8641f13cee02	exact
KeyguardSmartisan.apk	res/drawable-xxhdpi/face_failed_39.png	res/drawable-xxhdpi/face_failed_39.png	drawable-xxhdpi	faceid_frames	d5b1b21ce62182d8c5e920b47b9454bed0aff3d330fcfc3a99ace70c226c40ed	d5b1b21ce62182d8c5e920b47b9454bed0aff3d330fcfc3a99ace70c226c40ed	exact
KeyguardSmartisan.apk	res/drawable-xxhdpi/face_failed_40.png	res/drawable-xxhdpi/face_failed_40.png	drawable-xxhdpi	faceid_frames	13a1c04e2c5277c7f497c543e417f120eb3f05229c553e5cbe56a63566c9beea	13a1c04e2c5277c7f497c543e417f120eb3f05229c553e5cbe56a63566c9beea	exact
KeyguardSmartisan.apk	res/drawable-xxhdpi/face_failed_41.png	res/drawable-xxhdpi/face_failed_41.png	drawable-xxhdpi	faceid_frames	87b2fa5ea6a4dfb669a6474ba77a74ac6122e796e497e15ca9a48d6bf1587137	87b2fa5ea6a4dfb669a6474ba77a74ac6122e796e497e15ca9a48d6bf1587137	exact
KeyguardSmartisan.apk	res/drawable-xxhdpi/face_failed_42.png	res/drawable-xxhdpi/face_failed_42.png	drawable-xxhdpi	faceid_frames	fb1b8960a61402567d45e97933ce96364908ef662f335edab86687e05d20dbf7	fb1b8960a61402567d45e97933ce96364908ef662f335edab86687e05d20dbf7	exact
KeyguardSmartisan.apk	res/drawable-xxhdpi/face_failed_43.png	res/drawable-xxhdpi/face_failed_43.png	drawable-xxhdpi	faceid_frames	c4d9e9792a571bf192aee487ddf81db3c4d30c8c15291733e465118613615a5f	c4d9e9792a571bf192aee487ddf81db3c4d30c8c15291733e465118613615a5f	exact
KeyguardSmartisan.apk	res/drawable-xxhdpi/face_failed_44.png	res/drawable-xxhdpi/face_failed_44.png	drawable-xxhdpi	faceid_frames	5f897ab55debfb1a3fbf2c1584229fe1d53d551ffc7a5e6d8292b2c3ac0b5d54	5f897ab55debfb1a3fbf2c1584229fe1d53d551ffc7a5e6d8292b2c3ac0b5d54	exact
KeyguardSmartisan.apk	res/drawable-xxhdpi/face_failed_45.png	res/drawable-xxhdpi/face_failed_45.png	drawable-xxhdpi	faceid_frames	fa684131691b42608140f2a48af6b7cfb481600c9d6ee8562ece6d77c27e7f09	fa684131691b42608140f2a48af6b7cfb481600c9d6ee8562ece6d77c27e7f09	exact
KeyguardSmartisan.apk	res/drawable-xxhdpi/face_failed_46.png	res/drawable-xxhdpi/face_failed_46.png	drawable-xxhdpi	faceid_frames	182ac2ccc3fe4fe34093e655971983981fa9f3a0bb3ac65acc27d78fbc3193f0	182ac2ccc3fe4fe34093e655971983981fa9f3a0bb3ac65acc27d78fbc3193f0	exact
KeyguardSmartisan.apk	res/drawable-xxhdpi/face_failed_47.png	res/drawable-xxhdpi/face_failed_47.png	drawable-xxhdpi	faceid_frames	1fa6a212ea37934033bcabfa5e26d80d113a8b62b0a99a9c8b0abd57a82a0981	1fa6a212ea37934033bcabfa5e26d80d113a8b62b0a99a9c8b0abd57a82a0981	exact
KeyguardSmartisan.apk	res/drawable-xxhdpi/face_failed_48.png	res/drawable-xxhdpi/face_failed_48.png	drawable-xxhdpi	faceid_frames	b231826d998541545f999825c77ca5eec1e788fc7e039ee9cb736f7b1f1c55e9	b231826d998541545f999825c77ca5eec1e788fc7e039ee9cb736f7b1f1c55e9	exact
KeyguardSmartisan.apk	res/drawable-xxhdpi/face_failed_49.png	res/drawable-xxhdpi/face_failed_49.png	drawable-xxhdpi	faceid_frames	a21d3a5ed12cc8ae32c01694cf567c722a7f64489846d26f61709db642f9467f	a21d3a5ed12cc8ae32c01694cf567c722a7f64489846d26f61709db642f9467f	exact
KeyguardSmartisan.apk	res/drawable-xxhdpi/face_failed_50.png	res/drawable-xxhdpi/face_failed_50.png	drawable-xxhdpi	faceid_frames	58c1cf769896ecb5931c70646d3803e64d71074f785f0d7fe9fbe7778c5f1789	58c1cf769896ecb5931c70646d3803e64d71074f785f0d7fe9fbe7778c5f1789	exact
KeyguardSmartisan.apk	res/drawable-xxhdpi/face_failed_51.png	res/drawable-xxhdpi/face_failed_51.png	drawable-xxhdpi	faceid_frames	7a570994a771bdc3417beaf075d09eaa391cc2ef360c526bad648b7e61914a8e	7a570994a771bdc3417beaf075d09eaa391cc2ef360c526bad648b7e61914a8e	exact
KeyguardSmartisan.apk	res/drawable-xxhdpi/face_failed_52.png	res/drawable-xxhdpi/face_failed_52.png	drawable-xxhdpi	faceid_frames	c6771a0866e679d414899f44c1804f172b0e111130f88faf3c1ad30b5de6ca77	c6771a0866e679d414899f44c1804f172b0e111130f88faf3c1ad30b5de6ca77	exact
KeyguardSmartisan.apk	res/drawable-xxhdpi/face_failed_53.png	res/drawable-xxhdpi/face_failed_53.png	drawable-xxhdpi	faceid_frames	0a42e2b8a069474d007247621a68b45ce0bc9fadb345f67adca064f804ca5818	0a42e2b8a069474d007247621a68b45ce0bc9fadb345f67adca064f804ca5818	exact
KeyguardSmartisan.apk	res/drawable-xxhdpi/face_failed_54.png	res/drawable-xxhdpi/face_failed_54.png	drawable-xxhdpi	faceid_frames	d5336baadea69be076e954eb1971be3b3f9f326268b9f1f89344186694034fb3	d5336baadea69be076e954eb1971be3b3f9f326268b9f1f89344186694034fb3	exact
KeyguardSmartisan.apk	res/drawable-xxhdpi/face_failed_55.png	res/drawable-xxhdpi/face_failed_55.png	drawable-xxhdpi	faceid_frames	73dd7b9804aae85ca49f87d85d4c157480bce9a17339dcc8f34476818d1810a9	73dd7b9804aae85ca49f87d85d4c157480bce9a17339dcc8f34476818d1810a9	exact
KeyguardSmartisan.apk	res/drawable-xxhdpi/face_failed_56.png	res/drawable-xxhdpi/face_failed_56.png	drawable-xxhdpi	faceid_frames	68b3c3d78e9f60a5d946ba2b545b371af743ac9560ac830b771977fafd49f1d0	68b3c3d78e9f60a5d946ba2b545b371af743ac9560ac830b771977fafd49f1d0	exact
KeyguardSmartisan.apk	res/drawable-xxhdpi/face_failed_57.png	res/drawable-xxhdpi/face_failed_57.png	drawable-xxhdpi	faceid_frames	ac9c922530163b13d832cc3f1c634dba023f50726e3ff997f4c89549223cfd5c	ac9c922530163b13d832cc3f1c634dba023f50726e3ff997f4c89549223cfd5c	exact
KeyguardSmartisan.apk	res/drawable-xxhdpi/face_failed_58.png	res/drawable-xxhdpi/face_failed_58.png	drawable-xxhdpi	faceid_frames	42dac9925d6497805b06488a96287df420e6f748f5567b3fadd791333b9c2b31	42dac9925d6497805b06488a96287df420e6f748f5567b3fadd791333b9c2b31	exact
KeyguardSmartisan.apk	res/drawable-xxhdpi/face_failed_59.png	res/drawable-xxhdpi/face_failed_59.png	drawable-xxhdpi	faceid_frames	507d05b4cbbae06d76c06e8022a5ee8018a475a4e5a9bbca17c89370ef2410eb	507d05b4cbbae06d76c06e8022a5ee8018a475a4e5a9bbca17c89370ef2410eb	exact
KeyguardSmartisan.apk	res/drawable-xxhdpi/face_failed_60.png	res/drawable-xxhdpi/face_failed_60.png	drawable-xxhdpi	faceid_frames	c2767d45848e28eea3b1d73c05d8bea4dfa3c6a2109f12546bae637e2846955d	c2767d45848e28eea3b1d73c05d8bea4dfa3c6a2109f12546bae637e2846955d	exact
KeyguardSmartisan.apk	res/drawable-xxhdpi/face_failed_61.png	res/drawable-xxhdpi/face_failed_61.png	drawable-xxhdpi	faceid_frames	2c34e84d16f4319d517f2dfdfb06dc234e3ac34a150f0f316fa48f5565563308	2c34e84d16f4319d517f2dfdfb06dc234e3ac34a150f0f316fa48f5565563308	exact
KeyguardSmartisan.apk	res/drawable-xxhdpi/face_failed_62.png	res/drawable-xxhdpi/face_failed_62.png	drawable-xxhdpi	faceid_frames	4656dd7be8da25ff996946e96587d9303fa9b2ffa2aba7b486cb9bdce76af529	4656dd7be8da25ff996946e96587d9303fa9b2ffa2aba7b486cb9bdce76af529	exact
KeyguardSmartisan.apk	res/drawable-xxhdpi/face_failed_63.png	res/drawable-xxhdpi/face_failed_63.png	drawable-xxhdpi	faceid_frames	ac7d40647340b52b1aa7aa72bfd892e2e2daca2789e6e51a7f5f617ee27e7d88	ac7d40647340b52b1aa7aa72bfd892e2e2daca2789e6e51a7f5f617ee27e7d88	exact
KeyguardSmartisan.apk	res/drawable-xxhdpi/face_failed_64.png	res/drawable-xxhdpi/face_failed_64.png	drawable-xxhdpi	faceid_frames	6aa33ce9251f9f7241d34fbc31bf08deb7891da85e7de0837a2692d0a028a797	6aa33ce9251f9f7241d34fbc31bf08deb7891da85e7de0837a2692d0a028a797	exact
KeyguardSmartisan.apk	res/drawable-xxhdpi/face_failed_65.png	res/drawable-xxhdpi/face_failed_65.png	drawable-xxhdpi	faceid_frames	72528f365757454622246515272b6a6f2da26046802f4be17d40073880ee8cae	72528f365757454622246515272b6a6f2da26046802f4be17d40073880ee8cae	exact
KeyguardSmartisan.apk	res/drawable-xxhdpi/face_failed_66.png	res/drawable-xxhdpi/face_failed_66.png	drawable-xxhdpi	faceid_frames	d700c8ea5894369b80f4a2c19c070e62a2c7603fe98ddbba659cf460e2c32106	d700c8ea5894369b80f4a2c19c070e62a2c7603fe98ddbba659cf460e2c32106	exact
KeyguardSmartisan.apk	res/drawable-xxhdpi/face_failed_67.png	res/drawable-xxhdpi/face_failed_67.png	drawable-xxhdpi	faceid_frames	481d39db2c1a437ac9dcc88ef9058d60377e235243414c63a1bc0a6990dda60c	481d39db2c1a437ac9dcc88ef9058d60377e235243414c63a1bc0a6990dda60c	exact
KeyguardSmartisan.apk	res/drawable-xxhdpi/face_failed_68.png	res/drawable-xxhdpi/face_failed_68.png	drawable-xxhdpi	faceid_frames	25222b1e1e642f6610f4574fccef447447386f5be4cf63389b23379504dde26e	25222b1e1e642f6610f4574fccef447447386f5be4cf63389b23379504dde26e	exact
KeyguardSmartisan.apk	res/drawable-xxhdpi/face_failed_69.png	res/drawable-xxhdpi/face_failed_69.png	drawable-xxhdpi	faceid_frames	9bc66d02d1abf2e933b1f02e438214c4cdf0b79318da1aa3521f265cd2b6f5f2	9bc66d02d1abf2e933b1f02e438214c4cdf0b79318da1aa3521f265cd2b6f5f2	exact
KeyguardSmartisan.apk	res/drawable-xxhdpi/face_failed_70.png	res/drawable-xxhdpi/face_failed_70.png	drawable-xxhdpi	faceid_frames	ef0f81ab14cb9fe3c285177cc9264295ecd1c91c12b28a65a817eb9083c4f5ef	ef0f81ab14cb9fe3c285177cc9264295ecd1c91c12b28a65a817eb9083c4f5ef	exact
KeyguardSmartisan.apk	res/drawable-xxhdpi/face_failed_71.png	res/drawable-xxhdpi/face_failed_71.png	drawable-xxhdpi	faceid_frames	478742745ce9b68e706ddb18024ac908d198c833bfbad49a796b72c41697d582	478742745ce9b68e706ddb18024ac908d198c833bfbad49a796b72c41697d582	exact
KeyguardSmartisan.apk	res/drawable-xxhdpi/face_failed_72.png	res/drawable-xxhdpi/face_failed_72.png	drawable-xxhdpi	faceid_frames	0a0bcb0de91da98ca017329fa4923475ee94b9ff6a4ac156c59b50d782fbbcdd	0a0bcb0de91da98ca017329fa4923475ee94b9ff6a4ac156c59b50d782fbbcdd	exact
KeyguardSmartisan.apk	res/drawable-xxhdpi/face_failed_73.png	res/drawable-xxhdpi/face_failed_73.png	drawable-xxhdpi	faceid_frames	d59460cb2a30a674a074fe7fed999b0261b10712b9252cb568a150c1bb28d1a7	d59460cb2a30a674a074fe7fed999b0261b10712b9252cb568a150c1bb28d1a7	exact
KeyguardSmartisan.apk	res/drawable-xxhdpi/face_failed_74.png	res/drawable-xxhdpi/face_failed_74.png	drawable-xxhdpi	faceid_frames	424a7c10907805ed213be1ae888630e69fc797f8ca6afc84fa1374a5c49370d6	424a7c10907805ed213be1ae888630e69fc797f8ca6afc84fa1374a5c49370d6	exact
KeyguardSmartisan.apk	res/drawable-xxhdpi/face_failed_75.png	res/drawable-xxhdpi/face_failed_75.png	drawable-xxhdpi	faceid_frames	df6ae7bf807bcfea8b15b37f2882d21453ace40530e01585c4ac9f9f01e1c1be	df6ae7bf807bcfea8b15b37f2882d21453ace40530e01585c4ac9f9f01e1c1be	exact
KeyguardSmartisan.apk	res/drawable-xxhdpi/face_failed_76.png	res/drawable-xxhdpi/face_failed_76.png	drawable-xxhdpi	faceid_frames	36c2c4b84172c8958e04d79917f4b05c2630d1fe86d923ad12a52fea3336527a	36c2c4b84172c8958e04d79917f4b05c2630d1fe86d923ad12a52fea3336527a	exact
KeyguardSmartisan.apk	res/drawable-xxhdpi/face_failed_77.png	res/drawable-xxhdpi/face_failed_77.png	drawable-xxhdpi	faceid_frames	01e8f1655f3228427c50c5687d96f9735c91d6685e7d8418be83bd7c2f66453d	01e8f1655f3228427c50c5687d96f9735c91d6685e7d8418be83bd7c2f66453d	exact
KeyguardSmartisan.apk	res/drawable-xxhdpi/face_failed_78.png	res/drawable-xxhdpi/face_failed_78.png	drawable-xxhdpi	faceid_frames	b90c4bd01f14abe8cfda0423dbdbaaf703bd6e564559ebf732ad37c3022d7200	b90c4bd01f14abe8cfda0423dbdbaaf703bd6e564559ebf732ad37c3022d7200	exact
KeyguardSmartisan.apk	res/drawable-xxhdpi/face_failed_79.png	res/drawable-xxhdpi/face_failed_79.png	drawable-xxhdpi	faceid_frames	e627dc96b8193b749bf12bceaa9341e376f72c1e85fb2c44c0313036fabdcaa3	e627dc96b8193b749bf12bceaa9341e376f72c1e85fb2c44c0313036fabdcaa3	exact
KeyguardSmartisan.apk	res/drawable-xxhdpi/face_failed_80.png	res/drawable-xxhdpi/face_failed_80.png	drawable-xxhdpi	faceid_frames	a46bf3d3837dc35491f5c7f1c5079d326bce7961e16d3a272b1e65db5fc83e10	a46bf3d3837dc35491f5c7f1c5079d326bce7961e16d3a272b1e65db5fc83e10	exact
KeyguardSmartisan.apk	res/drawable-xxhdpi/face_failed_81.png	res/drawable-xxhdpi/face_failed_81.png	drawable-xxhdpi	faceid_frames	83af356ac5849c799e3cba82b377dfc89a053c853cdc417127a04709bddf9b75	83af356ac5849c799e3cba82b377dfc89a053c853cdc417127a04709bddf9b75	exact
KeyguardSmartisan.apk	res/drawable-xxhdpi/face_failed_82.png	res/drawable-xxhdpi/face_failed_82.png	drawable-xxhdpi	faceid_frames	8e273db3af60bdbeb2e9ec1bde82221feb719e49b73a7da5f60ab97b7ae37a1d	8e273db3af60bdbeb2e9ec1bde82221feb719e49b73a7da5f60ab97b7ae37a1d	exact
KeyguardSmartisan.apk	res/drawable-xxhdpi/face_failed_83.png	res/drawable-xxhdpi/face_failed_83.png	drawable-xxhdpi	faceid_frames	84e3414a4df937a312c5a37eacd18047878fc72a741e255b91e258624ca5ebbe	84e3414a4df937a312c5a37eacd18047878fc72a741e255b91e258624ca5ebbe	exact
KeyguardSmartisan.apk	res/drawable-xxhdpi/face_failed_84.png	res/drawable-xxhdpi/face_failed_84.png	drawable-xxhdpi	faceid_frames	87dd8fc7a54de4c3db76f74f2496d2443eca6825b7509c9cb77651adc841c1ee	87dd8fc7a54de4c3db76f74f2496d2443eca6825b7509c9cb77651adc841c1ee	exact
KeyguardSmartisan.apk	res/drawable-xxhdpi/face_failed_85.png	res/drawable-xxhdpi/face_failed_85.png	drawable-xxhdpi	faceid_frames	fe080e9ed05963434ec95d82bead4534ab9ba3b575d74b33bf4cb59c5878c808	fe080e9ed05963434ec95d82bead4534ab9ba3b575d74b33bf4cb59c5878c808	exact
KeyguardSmartisan.apk	res/drawable-xxhdpi/face_failed_86.png	res/drawable-xxhdpi/face_failed_86.png	drawable-xxhdpi	faceid_frames	84f8e0e1e356973d95084b898992315b34ad7ab2d93a9135fe4f2a01a888f6e7	84f8e0e1e356973d95084b898992315b34ad7ab2d93a9135fe4f2a01a888f6e7	exact
KeyguardSmartisan.apk	res/drawable-xxhdpi/face_failed_87.png	res/drawable-xxhdpi/face_failed_87.png	drawable-xxhdpi	faceid_frames	bf3d4e6581a0590d10c897b80dc3b3bca4c820d16920f8e67db3a1ae60a6e24d	bf3d4e6581a0590d10c897b80dc3b3bca4c820d16920f8e67db3a1ae60a6e24d	exact
KeyguardSmartisan.apk	res/drawable-xxhdpi/face_failed_88.png	res/drawable-xxhdpi/face_failed_88.png	drawable-xxhdpi	faceid_frames	82209ed04955fff444153732487849d139445d1d15eb4ade2110d264fade8551	82209ed04955fff444153732487849d139445d1d15eb4ade2110d264fade8551	exact
KeyguardSmartisan.apk	res/drawable-xxhdpi/face_failed_89.png	res/drawable-xxhdpi/face_failed_89.png	drawable-xxhdpi	faceid_frames	8b2e37f8acb12a118209f1e4fba17694794f7e04f52b12373ee455fd87694df3	8b2e37f8acb12a118209f1e4fba17694794f7e04f52b12373ee455fd87694df3	exact
KeyguardSmartisan.apk	res/drawable-xxhdpi/face_failed_90.png	res/drawable-xxhdpi/face_failed_90.png	drawable-xxhdpi	faceid_frames	05c2d9c22a56d66d11ff8bf2af383f86b794c52ad62eae376b2b839fe370ffcd	05c2d9c22a56d66d11ff8bf2af383f86b794c52ad62eae376b2b839fe370ffcd	exact
KeyguardSmartisan.apk	res/drawable-xxhdpi/face_loop_00.png	res/drawable-xxhdpi/face_loop_00.png	drawable-xxhdpi	faceid_frames	99284dc7d08764e8987e98807cb0af151352c0edf62242eb1020dad224022352	99284dc7d08764e8987e98807cb0af151352c0edf62242eb1020dad224022352	exact
KeyguardSmartisan.apk	res/drawable-xxhdpi/face_loop_01.png	res/drawable-xxhdpi/face_loop_01.png	drawable-xxhdpi	faceid_frames	19a07eb11989a9af80a121d36c795e7ccdfe8b15286d14aa08dace6bf87417bd	19a07eb11989a9af80a121d36c795e7ccdfe8b15286d14aa08dace6bf87417bd	exact
KeyguardSmartisan.apk	res/drawable-xxhdpi/face_loop_02.png	res/drawable-xxhdpi/face_loop_02.png	drawable-xxhdpi	faceid_frames	1f2cc39a4c202f52581da957e005d39d3a9e0d92ea05153b95bea4555fb51ea3	1f2cc39a4c202f52581da957e005d39d3a9e0d92ea05153b95bea4555fb51ea3	exact
KeyguardSmartisan.apk	res/drawable-xxhdpi/face_loop_03.png	res/drawable-xxhdpi/face_loop_03.png	drawable-xxhdpi	faceid_frames	ab72226794d3d0509d3fa62838eb15698e2d1d0002b7da4cc29b8b8253f25bd7	ab72226794d3d0509d3fa62838eb15698e2d1d0002b7da4cc29b8b8253f25bd7	exact
KeyguardSmartisan.apk	res/drawable-xxhdpi/face_loop_04.png	res/drawable-xxhdpi/face_loop_04.png	drawable-xxhdpi	faceid_frames	58d5b1ea9f04906df951d54246d4ec58c35f30b594ffff87e4b656c5ef7e238e	58d5b1ea9f04906df951d54246d4ec58c35f30b594ffff87e4b656c5ef7e238e	exact
KeyguardSmartisan.apk	res/drawable-xxhdpi/face_loop_05.png	res/drawable-xxhdpi/face_loop_05.png	drawable-xxhdpi	faceid_frames	670ef51860cb8dc202cd0af93c55e48a36cb2f8e3b5002b6695105c2a0e98530	670ef51860cb8dc202cd0af93c55e48a36cb2f8e3b5002b6695105c2a0e98530	exact
KeyguardSmartisan.apk	res/drawable-xxhdpi/face_loop_06.png	res/drawable-xxhdpi/face_loop_06.png	drawable-xxhdpi	faceid_frames	0f8a7902f1d109c1e31bea5d00c0251871e7e422ae7af8502d5a232403fdc6bc	0f8a7902f1d109c1e31bea5d00c0251871e7e422ae7af8502d5a232403fdc6bc	exact
KeyguardSmartisan.apk	res/drawable-xxhdpi/face_loop_07.png	res/drawable-xxhdpi/face_loop_07.png	drawable-xxhdpi	faceid_frames	4607498af05ed33651c3a2c6325793abe79fe988ab15c2f60ded4aba132ecab0	4607498af05ed33651c3a2c6325793abe79fe988ab15c2f60ded4aba132ecab0	exact
KeyguardSmartisan.apk	res/drawable-xxhdpi/face_loop_08.png	res/drawable-xxhdpi/face_loop_08.png	drawable-xxhdpi	faceid_frames	fe0a8adb4719587a7a0840e0bb6829a7bd92f884f8f2a03831bbf234a53a1a2c	fe0a8adb4719587a7a0840e0bb6829a7bd92f884f8f2a03831bbf234a53a1a2c	exact
KeyguardSmartisan.apk	res/drawable-xxhdpi/face_loop_09.png	res/drawable-xxhdpi/face_loop_09.png	drawable-xxhdpi	faceid_frames	195814cac2688f8b40894806d09587b61976bf62520d6eb63c96949b94d2e92e	195814cac2688f8b40894806d09587b61976bf62520d6eb63c96949b94d2e92e	exact
KeyguardSmartisan.apk	res/drawable-xxhdpi/face_loop_10.png	res/drawable-xxhdpi/face_loop_10.png	drawable-xxhdpi	faceid_frames	296a3b0da0d377a1a0e23b047e16021e9d841735de0755e49904dc70549e7aec	296a3b0da0d377a1a0e23b047e16021e9d841735de0755e49904dc70549e7aec	exact
KeyguardSmartisan.apk	res/drawable-xxhdpi/face_loop_11.png	res/drawable-xxhdpi/face_loop_11.png	drawable-xxhdpi	faceid_frames	73e1f07dcb54eb7c0558c0177dfee733847f13eea5110416aaf8f55f4b3f30f0	73e1f07dcb54eb7c0558c0177dfee733847f13eea5110416aaf8f55f4b3f30f0	exact
KeyguardSmartisan.apk	res/drawable-xxhdpi/face_loop_12.png	res/drawable-xxhdpi/face_loop_12.png	drawable-xxhdpi	faceid_frames	709baf3677e42924e23f534cbf603295ef30240309d83ca8539cfb99cf6f5bff	709baf3677e42924e23f534cbf603295ef30240309d83ca8539cfb99cf6f5bff	exact
KeyguardSmartisan.apk	res/drawable-xxhdpi/face_loop_13.png	res/drawable-xxhdpi/face_loop_13.png	drawable-xxhdpi	faceid_frames	d4019308bf5784cf292e9b68cb4a53f98e4dfec647e7e1ddf536499c9d46ffb4	d4019308bf5784cf292e9b68cb4a53f98e4dfec647e7e1ddf536499c9d46ffb4	exact
KeyguardSmartisan.apk	res/drawable-xxhdpi/face_loop_14.png	res/drawable-xxhdpi/face_loop_14.png	drawable-xxhdpi	faceid_frames	a905c4acdcd0de6f4bf502b63533dc1f32f888c7acaba31943dbda8e341066c9	a905c4acdcd0de6f4bf502b63533dc1f32f888c7acaba31943dbda8e341066c9	exact
KeyguardSmartisan.apk	res/drawable-xxhdpi/face_loop_15.png	res/drawable-xxhdpi/face_loop_15.png	drawable-xxhdpi	faceid_frames	bba4e9678016d6243b16466c6f36acbbfd7d14ff78a63df64e7c0ba611f2eafc	bba4e9678016d6243b16466c6f36acbbfd7d14ff78a63df64e7c0ba611f2eafc	exact
KeyguardSmartisan.apk	res/drawable-xxhdpi/face_loop_16.png	res/drawable-xxhdpi/face_loop_16.png	drawable-xxhdpi	faceid_frames	f2919f0c0db20d18883a594958a059d502b73cc4c4d5c37042b9cd8e148f2c45	f2919f0c0db20d18883a594958a059d502b73cc4c4d5c37042b9cd8e148f2c45	exact
KeyguardSmartisan.apk	res/drawable-xxhdpi/face_loop_17.png	res/drawable-xxhdpi/face_loop_17.png	drawable-xxhdpi	faceid_frames	aaf062745ef97ea2d34bc1698a1cd5fef1192c1ba843c86c74fcf0c80e2036a7	aaf062745ef97ea2d34bc1698a1cd5fef1192c1ba843c86c74fcf0c80e2036a7	exact
KeyguardSmartisan.apk	res/drawable-xxhdpi/face_loop_18.png	res/drawable-xxhdpi/face_loop_18.png	drawable-xxhdpi	faceid_frames	21f4ab5d7103d26238d1e49137d0e310adf696783de1780bb29851c5d022540e	21f4ab5d7103d26238d1e49137d0e310adf696783de1780bb29851c5d022540e	exact
KeyguardSmartisan.apk	res/drawable-xxhdpi/face_loop_19.png	res/drawable-xxhdpi/face_loop_19.png	drawable-xxhdpi	faceid_frames	596c47dfc13658d23506b5616493a0ed58f2876afb6d735fb2938e6d20b26f15	596c47dfc13658d23506b5616493a0ed58f2876afb6d735fb2938e6d20b26f15	exact
KeyguardSmartisan.apk	res/drawable-xxhdpi/face_loop_20.png	res/drawable-xxhdpi/face_loop_20.png	drawable-xxhdpi	faceid_frames	d72f380551aa1b743468521b9577eef8739ada925dac4f3b66781cac8677a34a	d72f380551aa1b743468521b9577eef8739ada925dac4f3b66781cac8677a34a	exact
KeyguardSmartisan.apk	res/drawable-xxhdpi/face_loop_21.png	res/drawable-xxhdpi/face_loop_21.png	drawable-xxhdpi	faceid_frames	f0700eae548aec729fc394e04eba61bca3145419add48ee4cbf9e8335e82e58d	f0700eae548aec729fc394e04eba61bca3145419add48ee4cbf9e8335e82e58d	exact
KeyguardSmartisan.apk	res/drawable-xxhdpi/face_loop_22.png	res/drawable-xxhdpi/face_loop_22.png	drawable-xxhdpi	faceid_frames	87b5033891913ec819985315c9cabb1c37af5ece1a68ef9188bb6e6393adfc33	87b5033891913ec819985315c9cabb1c37af5ece1a68ef9188bb6e6393adfc33	exact
KeyguardSmartisan.apk	res/drawable-xxhdpi/face_loop_23.png	res/drawable-xxhdpi/face_loop_23.png	drawable-xxhdpi	faceid_frames	9c613da6dcc95e87b2a5ad9eaaa5063e6519337378785540c2ab758ad266f96e	9c613da6dcc95e87b2a5ad9eaaa5063e6519337378785540c2ab758ad266f96e	exact
KeyguardSmartisan.apk	res/drawable-xxhdpi/face_loop_24.png	res/drawable-xxhdpi/face_loop_24.png	drawable-xxhdpi	faceid_frames	5ff347c98bafdb803b082ed875e67205287c16b37d0c34871c5203347782ef57	5ff347c98bafdb803b082ed875e67205287c16b37d0c34871c5203347782ef57	exact
KeyguardSmartisan.apk	res/drawable-xxhdpi/face_loop_25.png	res/drawable-xxhdpi/face_loop_25.png	drawable-xxhdpi	faceid_frames	9ec222811882fe6f88b1e2437ece8691b95324670349321f447d13e42205b061	9ec222811882fe6f88b1e2437ece8691b95324670349321f447d13e42205b061	exact
KeyguardSmartisan.apk	res/drawable-xxhdpi/face_loop_26.png	res/drawable-xxhdpi/face_loop_26.png	drawable-xxhdpi	faceid_frames	865ce1efa982a7708369dca9aad9ae85a7d99a5ff9f7c03075616cd48f02d027	865ce1efa982a7708369dca9aad9ae85a7d99a5ff9f7c03075616cd48f02d027	exact
KeyguardSmartisan.apk	res/drawable-xxhdpi/face_loop_27.png	res/drawable-xxhdpi/face_loop_27.png	drawable-xxhdpi	faceid_frames	f07a728a867f269c92952b9d81912db488a78e0ae8c38309f2970e9534dbd805	f07a728a867f269c92952b9d81912db488a78e0ae8c38309f2970e9534dbd805	exact
KeyguardSmartisan.apk	res/drawable-xxhdpi/face_loop_28.png	res/drawable-xxhdpi/face_loop_28.png	drawable-xxhdpi	faceid_frames	fbe56f22a32c95c4559cc4bf621d8fc3035368f09465a47bf215a32b8e505711	fbe56f22a32c95c4559cc4bf621d8fc3035368f09465a47bf215a32b8e505711	exact
KeyguardSmartisan.apk	res/drawable-xxhdpi/face_loop_29.png	res/drawable-xxhdpi/face_loop_29.png	drawable-xxhdpi	faceid_frames	038cbaeeda1530f216e30a35dc6433cf3d500f0e72aa24a5a026db2993178dc2	038cbaeeda1530f216e30a35dc6433cf3d500f0e72aa24a5a026db2993178dc2	exact
KeyguardSmartisan.apk	res/drawable-xxhdpi/face_loop_30.png	res/drawable-xxhdpi/face_loop_30.png	drawable-xxhdpi	faceid_frames	7f853e97b70da29de349e2f424c3ecb6dc6d3022123b35c1b1d361dd63fd9a59	7f853e97b70da29de349e2f424c3ecb6dc6d3022123b35c1b1d361dd63fd9a59	exact
KeyguardSmartisan.apk	res/drawable-xxhdpi/face_loop_31.png	res/drawable-xxhdpi/face_loop_31.png	drawable-xxhdpi	faceid_frames	8899a4dfc5cd81167d65a4712004606241d7548b3768e29e2a97fb8748330db1	8899a4dfc5cd81167d65a4712004606241d7548b3768e29e2a97fb8748330db1	exact
KeyguardSmartisan.apk	res/drawable-xxhdpi/face_loop_32.png	res/drawable-xxhdpi/face_loop_32.png	drawable-xxhdpi	faceid_frames	88a4317592c59cefa77a456b6efc767e8bf69bcfcc4d5d7ec228b58e18c22d20	88a4317592c59cefa77a456b6efc767e8bf69bcfcc4d5d7ec228b58e18c22d20	exact
KeyguardSmartisan.apk	res/drawable-xxhdpi/face_loop_33.png	res/drawable-xxhdpi/face_loop_33.png	drawable-xxhdpi	faceid_frames	785e8364329827e4ff0236ebd13843e18ada0544ba3163c9902ad0c88b8ef058	785e8364329827e4ff0236ebd13843e18ada0544ba3163c9902ad0c88b8ef058	exact
KeyguardSmartisan.apk	res/drawable-xxhdpi/face_loop_34.png	res/drawable-xxhdpi/face_loop_34.png	drawable-xxhdpi	faceid_frames	17bbffa1538971c53ae6cbe171316cb672fa56ede176a2878c23651d37026738	17bbffa1538971c53ae6cbe171316cb672fa56ede176a2878c23651d37026738	exact
KeyguardSmartisan.apk	res/drawable-xxhdpi/face_loop_35.png	res/drawable-xxhdpi/face_loop_35.png	drawable-xxhdpi	faceid_frames	48b4f922166779c3cb4f20ac4db672f6392322f7a873e70de091a7ad7fa025f9	48b4f922166779c3cb4f20ac4db672f6392322f7a873e70de091a7ad7fa025f9	exact
KeyguardSmartisan.apk	res/drawable-xxhdpi/face_loop_36.png	res/drawable-xxhdpi/face_loop_36.png	drawable-xxhdpi	faceid_frames	fada8d7664a5b5b7f63d6043dd7db780d40db9850e263a2345c63775d559b13f	fada8d7664a5b5b7f63d6043dd7db780d40db9850e263a2345c63775d559b13f	exact
KeyguardSmartisan.apk	res/drawable-xxhdpi/face_loop_37.png	res/drawable-xxhdpi/face_loop_37.png	drawable-xxhdpi	faceid_frames	d2b8c3483a14ad08dcfc04aaefe062cc2aff0a1efca52a5e4f72b07dd0ed329e	d2b8c3483a14ad08dcfc04aaefe062cc2aff0a1efca52a5e4f72b07dd0ed329e	exact
KeyguardSmartisan.apk	res/drawable-xxhdpi/face_loop_38.png	res/drawable-xxhdpi/face_loop_38.png	drawable-xxhdpi	faceid_frames	efa86bf9dcf47bb14d51c1d1c90ab2e67beed324ad6d047533c1db9ce283a2d7	efa86bf9dcf47bb14d51c1d1c90ab2e67beed324ad6d047533c1db9ce283a2d7	exact
KeyguardSmartisan.apk	res/drawable-xxhdpi/face_loop_39.png	res/drawable-xxhdpi/face_loop_39.png	drawable-xxhdpi	faceid_frames	749882af55e7b5817cbb23b07cb34dbbea901489ed8ce843e7c050a856a4a408	749882af55e7b5817cbb23b07cb34dbbea901489ed8ce843e7c050a856a4a408	exact
KeyguardSmartisan.apk	res/drawable-xxhdpi/face_loop_40.png	res/drawable-xxhdpi/face_loop_40.png	drawable-xxhdpi	faceid_frames	0d0141f52b308b04231c6cd2af42f9d6d7e2fa6f0d621f466218e1592c212975	0d0141f52b308b04231c6cd2af42f9d6d7e2fa6f0d621f466218e1592c212975	exact
KeyguardSmartisan.apk	res/drawable-xxhdpi/face_loop_41.png	res/drawable-xxhdpi/face_loop_41.png	drawable-xxhdpi	faceid_frames	d8734637c27a0905461c653adc301609223ac3c1011338d9caf15ebda1db6e48	d8734637c27a0905461c653adc301609223ac3c1011338d9caf15ebda1db6e48	exact
KeyguardSmartisan.apk	res/drawable-xxhdpi/face_loop_42.png	res/drawable-xxhdpi/face_loop_42.png	drawable-xxhdpi	faceid_frames	ff6bcb51fccd23fd72abdf25cd156e95ae209e95a041aa828932cdeac6951d69	ff6bcb51fccd23fd72abdf25cd156e95ae209e95a041aa828932cdeac6951d69	exact
KeyguardSmartisan.apk	res/drawable-xxhdpi/face_loop_43.png	res/drawable-xxhdpi/face_loop_43.png	drawable-xxhdpi	faceid_frames	381a037195c76c2b6fd5d86359de5b60b9bf058bf5240de1079a8e00410fb14d	381a037195c76c2b6fd5d86359de5b60b9bf058bf5240de1079a8e00410fb14d	exact
KeyguardSmartisan.apk	res/drawable-xxhdpi/face_loop_44.png	res/drawable-xxhdpi/face_loop_44.png	drawable-xxhdpi	faceid_frames	ed1ee3d0a07c56275842829a8d4248b0ff48c8b584a13bfcba524c7493da9ce6	ed1ee3d0a07c56275842829a8d4248b0ff48c8b584a13bfcba524c7493da9ce6	exact
KeyguardSmartisan.apk	res/drawable-xxhdpi/face_loop_45.png	res/drawable-xxhdpi/face_loop_45.png	drawable-xxhdpi	faceid_frames	c1e4f28a763a9f071c517f3947feec6f33d9a4d7e1d59665d6a2f2d5fa2173ad	c1e4f28a763a9f071c517f3947feec6f33d9a4d7e1d59665d6a2f2d5fa2173ad	exact
KeyguardSmartisan.apk	res/drawable-xxhdpi/face_loop_46.png	res/drawable-xxhdpi/face_loop_46.png	drawable-xxhdpi	faceid_frames	2a3021084c5e47a1e8f334f15f75dd8671256a0be9b680229a99a61d90741d3c	2a3021084c5e47a1e8f334f15f75dd8671256a0be9b680229a99a61d90741d3c	exact
KeyguardSmartisan.apk	res/drawable-xxhdpi/face_loop_47.png	res/drawable-xxhdpi/face_loop_47.png	drawable-xxhdpi	faceid_frames	f22cd41047d99fb06beea3abbc438c701191ff70ac31679b64c58b1671b78dab	f22cd41047d99fb06beea3abbc438c701191ff70ac31679b64c58b1671b78dab	exact
KeyguardSmartisan.apk	res/drawable-xxhdpi/face_loop_48.png	res/drawable-xxhdpi/face_loop_48.png	drawable-xxhdpi	faceid_frames	312bab3d66d0bf6b67e92fc58c6ee061ef4dae9b9bf2f725f564c4bf8f4faf58	312bab3d66d0bf6b67e92fc58c6ee061ef4dae9b9bf2f725f564c4bf8f4faf58	exact
KeyguardSmartisan.apk	res/drawable-xxhdpi/face_loop_49.png	res/drawable-xxhdpi/face_loop_49.png	drawable-xxhdpi	faceid_frames	0644326e2c771f4e4d470380d5b118a6efdd24477e21fedb6ae115ef3bd031e4	0644326e2c771f4e4d470380d5b118a6efdd24477e21fedb6ae115ef3bd031e4	exact
KeyguardSmartisan.apk	res/drawable-xxhdpi/face_loop_50.png	res/drawable-xxhdpi/face_loop_50.png	drawable-xxhdpi	faceid_frames	5eccdfdbec9e636e04a0c4e9d8345a5254ad48d2153cd4edfb5745412c4f5b60	5eccdfdbec9e636e04a0c4e9d8345a5254ad48d2153cd4edfb5745412c4f5b60	exact
KeyguardSmartisan.apk	res/drawable-xxhdpi/face_loop_51.png	res/drawable-xxhdpi/face_loop_51.png	drawable-xxhdpi	faceid_frames	89180b2715a3c0949974ab7531080db03cd0b36d1bbce6523819b803fd55cb7a	89180b2715a3c0949974ab7531080db03cd0b36d1bbce6523819b803fd55cb7a	exact
KeyguardSmartisan.apk	res/drawable-xxhdpi/face_loop_52.png	res/drawable-xxhdpi/face_loop_52.png	drawable-xxhdpi	faceid_frames	0cf8059e2c0d8ccf63b448c8f50ac3866ce6b204362c1ea76bf9d57c7e663890	0cf8059e2c0d8ccf63b448c8f50ac3866ce6b204362c1ea76bf9d57c7e663890	exact
KeyguardSmartisan.apk	res/drawable-xxhdpi/face_loop_53.png	res/drawable-xxhdpi/face_loop_53.png	drawable-xxhdpi	faceid_frames	e6978fc3fe52d2ce133469ae66f0d56e72bcc067fc4567624a60a3a3d4204735	e6978fc3fe52d2ce133469ae66f0d56e72bcc067fc4567624a60a3a3d4204735	exact
KeyguardSmartisan.apk	res/drawable-xxhdpi/face_loop_54.png	res/drawable-xxhdpi/face_loop_54.png	drawable-xxhdpi	faceid_frames	ab2dfe30aeecc86147641c090c4325a6a2b4cca4d09f061df1635e525c7fa409	ab2dfe30aeecc86147641c090c4325a6a2b4cca4d09f061df1635e525c7fa409	exact
KeyguardSmartisan.apk	res/drawable-xxhdpi/face_loop_55.png	res/drawable-xxhdpi/face_loop_55.png	drawable-xxhdpi	faceid_frames	138af58f31ba0e70287a29cf5b30f010363e9ce3d65692d9e45a635ff6468227	138af58f31ba0e70287a29cf5b30f010363e9ce3d65692d9e45a635ff6468227	exact
KeyguardSmartisan.apk	res/drawable-xxhdpi/face_loop_56.png	res/drawable-xxhdpi/face_loop_56.png	drawable-xxhdpi	faceid_frames	546304f8b350f8f09e83dcd03d250fc313497819cb73d9e2529ff33f82e83872	546304f8b350f8f09e83dcd03d250fc313497819cb73d9e2529ff33f82e83872	exact
KeyguardSmartisan.apk	res/drawable-xxhdpi/face_loop_57.png	res/drawable-xxhdpi/face_loop_57.png	drawable-xxhdpi	faceid_frames	942378f6054ab2f3e2d420333b734635dafcc5a8ae0d5112bea0558eba9c7fbc	942378f6054ab2f3e2d420333b734635dafcc5a8ae0d5112bea0558eba9c7fbc	exact
KeyguardSmartisan.apk	res/drawable-xxhdpi/face_loop_58.png	res/drawable-xxhdpi/face_loop_58.png	drawable-xxhdpi	faceid_frames	f1d843a6520464922bb0157db41e787f0c4861643689a4b456ceb79316f55897	f1d843a6520464922bb0157db41e787f0c4861643689a4b456ceb79316f55897	exact
KeyguardSmartisan.apk	res/drawable-xxhdpi/face_loop_59.png	res/drawable-xxhdpi/face_loop_59.png	drawable-xxhdpi	faceid_frames	9a4477b39be20a7f0223873efffcf673d8069d1e1b113ec93a67f40db66e74b0	9a4477b39be20a7f0223873efffcf673d8069d1e1b113ec93a67f40db66e74b0	exact
KeyguardSmartisan.apk	res/drawable-xxhdpi/face_loop_60.png	res/drawable-xxhdpi/face_loop_60.png	drawable-xxhdpi	faceid_frames	1d3b1c29c6696383674e00d6bf819d67e158e20bbbef46933991a7c268b56b8d	1d3b1c29c6696383674e00d6bf819d67e158e20bbbef46933991a7c268b56b8d	exact
KeyguardSmartisan.apk	res/drawable-xxhdpi/face_loop_61.png	res/drawable-xxhdpi/face_loop_61.png	drawable-xxhdpi	faceid_frames	2a9cb349a4dbd2f90448985e153881867063557af6a21ead9ffdb36409fdcce9	2a9cb349a4dbd2f90448985e153881867063557af6a21ead9ffdb36409fdcce9	exact
KeyguardSmartisan.apk	res/drawable-xxhdpi/face_loop_62.png	res/drawable-xxhdpi/face_loop_62.png	drawable-xxhdpi	faceid_frames	e36123395ecac719c67888e0303b41451892caf14b3e165ee530fba2220a8ff1	e36123395ecac719c67888e0303b41451892caf14b3e165ee530fba2220a8ff1	exact
KeyguardSmartisan.apk	res/drawable-xxhdpi/face_loop_63.png	res/drawable-xxhdpi/face_loop_63.png	drawable-xxhdpi	faceid_frames	2740067238ce632b24ecb5ce35f0b00202cf5dba1a141b4a4a9f9292c5cec8e0	2740067238ce632b24ecb5ce35f0b00202cf5dba1a141b4a4a9f9292c5cec8e0	exact
KeyguardSmartisan.apk	res/drawable-xxhdpi/face_loop_64.png	res/drawable-xxhdpi/face_loop_64.png	drawable-xxhdpi	faceid_frames	fd2a3bccaa9f84016c6067505de0bb0322f656c965559535254be29bf40496ac	fd2a3bccaa9f84016c6067505de0bb0322f656c965559535254be29bf40496ac	exact
KeyguardSmartisan.apk	res/drawable-xxhdpi/face_loop_65.png	res/drawable-xxhdpi/face_loop_65.png	drawable-xxhdpi	faceid_frames	18873382120f4c6372be8e758826b1c189bb2184330889bfe9cbdee3ef488c0a	18873382120f4c6372be8e758826b1c189bb2184330889bfe9cbdee3ef488c0a	exact
KeyguardSmartisan.apk	res/drawable-xxhdpi/face_loop_66.png	res/drawable-xxhdpi/face_loop_66.png	drawable-xxhdpi	faceid_frames	fb53036d77e67ada88cf8241b52fdb44b6379193732a604fde4cf1db10f63ebb	fb53036d77e67ada88cf8241b52fdb44b6379193732a604fde4cf1db10f63ebb	exact
KeyguardSmartisan.apk	res/drawable-xxhdpi/face_loop_67.png	res/drawable-xxhdpi/face_loop_67.png	drawable-xxhdpi	faceid_frames	581aa9232d2e84df243681362ee332950a30b1b19645b8169a3c67000f3e9bc3	581aa9232d2e84df243681362ee332950a30b1b19645b8169a3c67000f3e9bc3	exact
KeyguardSmartisan.apk	res/drawable-xxhdpi/face_loop_68.png	res/drawable-xxhdpi/face_loop_68.png	drawable-xxhdpi	faceid_frames	3c902c387cca125512d84bb341cac227083a12174a81b53befe559fa3e502347	3c902c387cca125512d84bb341cac227083a12174a81b53befe559fa3e502347	exact
KeyguardSmartisan.apk	res/drawable-xxhdpi/face_loop_69.png	res/drawable-xxhdpi/face_loop_69.png	drawable-xxhdpi	faceid_frames	1af01d40be583e6b4ef9de725856156d96364734dd2117043b6530772f5475fe	1af01d40be583e6b4ef9de725856156d96364734dd2117043b6530772f5475fe	exact
KeyguardSmartisan.apk	res/drawable-xxhdpi/face_loop_70.png	res/drawable-xxhdpi/face_loop_70.png	drawable-xxhdpi	faceid_frames	53a00f8f386b52995e22ac55269de845ed1a588240ba42dd5ec393cab824bf5d	53a00f8f386b52995e22ac55269de845ed1a588240ba42dd5ec393cab824bf5d	exact
KeyguardSmartisan.apk	res/drawable-xxhdpi/face_loop_71.png	res/drawable-xxhdpi/face_loop_71.png	drawable-xxhdpi	faceid_frames	f8a611802cff652aa22c44bc35b34f0b74545de47e76ca76cb903d2a50fbcafe	f8a611802cff652aa22c44bc35b34f0b74545de47e76ca76cb903d2a50fbcafe	exact
KeyguardSmartisan.apk	res/drawable-xxhdpi/face_loop_72.png	res/drawable-xxhdpi/face_loop_72.png	drawable-xxhdpi	faceid_frames	fcc9f6b7babca3ef38702b21e043ac06ce2e9aa47188cf7524d8831d31295574	fcc9f6b7babca3ef38702b21e043ac06ce2e9aa47188cf7524d8831d31295574	exact
KeyguardSmartisan.apk	res/drawable-xxhdpi/face_loop_73.png	res/drawable-xxhdpi/face_loop_73.png	drawable-xxhdpi	faceid_frames	378c493f42eb6750ba3da5bea4511634bc83bb9bf0789ec1804265162ab368a0	378c493f42eb6750ba3da5bea4511634bc83bb9bf0789ec1804265162ab368a0	exact
KeyguardSmartisan.apk	res/drawable-xxhdpi/face_loop_74.png	res/drawable-xxhdpi/face_loop_74.png	drawable-xxhdpi	faceid_frames	857a4135921396d128332fe2d683628114279d991f48970f20a3ffe8334c9a23	857a4135921396d128332fe2d683628114279d991f48970f20a3ffe8334c9a23	exact
KeyguardSmartisan.apk	res/drawable-xxhdpi/face_loop_75.png	res/drawable-xxhdpi/face_loop_75.png	drawable-xxhdpi	faceid_frames	706642e57a83a161e082a8fabb380eadf64958b16c1a196c44b5674910bd7780	706642e57a83a161e082a8fabb380eadf64958b16c1a196c44b5674910bd7780	exact
KeyguardSmartisan.apk	res/drawable-xxhdpi/face_loop_76.png	res/drawable-xxhdpi/face_loop_76.png	drawable-xxhdpi	faceid_frames	f0bf3a3b531be72d30d1041ceeea23da5df470e3f8363d080f8789ee8cc86fe1	f0bf3a3b531be72d30d1041ceeea23da5df470e3f8363d080f8789ee8cc86fe1	exact
KeyguardSmartisan.apk	res/drawable-xxhdpi/face_loop_77.png	res/drawable-xxhdpi/face_loop_77.png	drawable-xxhdpi	faceid_frames	02802989cc7273fa76cbdbf8f70fe9eade6bfbfd4ed447a36e6781a030efd88a	02802989cc7273fa76cbdbf8f70fe9eade6bfbfd4ed447a36e6781a030efd88a	exact
KeyguardSmartisan.apk	res/drawable-xxhdpi/face_loop_78.png	res/drawable-xxhdpi/face_loop_78.png	drawable-xxhdpi	faceid_frames	a9df57d11f12aba7c3c931c243b6a6d1de83fdaaa9fd1d52b7fa14da9c91d420	a9df57d11f12aba7c3c931c243b6a6d1de83fdaaa9fd1d52b7fa14da9c91d420	exact
KeyguardSmartisan.apk	res/drawable-xxhdpi/face_loop_79.png	res/drawable-xxhdpi/face_loop_79.png	drawable-xxhdpi	faceid_frames	758a01171241be6da753e241968f77260bdf4993cf26471274f5fd36bcc2fb81	758a01171241be6da753e241968f77260bdf4993cf26471274f5fd36bcc2fb81	exact
KeyguardSmartisan.apk	res/drawable-xxhdpi/face_loop_80.png	res/drawable-xxhdpi/face_loop_80.png	drawable-xxhdpi	faceid_frames	79e3007957e9ec1d7324589fe8e7211e017286425b6931b561d690e6494a3a7e	79e3007957e9ec1d7324589fe8e7211e017286425b6931b561d690e6494a3a7e	exact
KeyguardSmartisan.apk	res/drawable-xxhdpi/face_loop_81.png	res/drawable-xxhdpi/face_loop_81.png	drawable-xxhdpi	faceid_frames	bff89d90a4ac2bda92baabb7229d985590dcfbd0d7c58f9c020f5aa7a208ae0f	bff89d90a4ac2bda92baabb7229d985590dcfbd0d7c58f9c020f5aa7a208ae0f	exact
KeyguardSmartisan.apk	res/drawable-xxhdpi/face_loop_82.png	res/drawable-xxhdpi/face_loop_82.png	drawable-xxhdpi	faceid_frames	723289b8ced4db0d3da5909b242b49125be511aad026007ece5839daa9877653	723289b8ced4db0d3da5909b242b49125be511aad026007ece5839daa9877653	exact
KeyguardSmartisan.apk	res/drawable-xxhdpi/face_loop_83.png	res/drawable-xxhdpi/face_loop_83.png	drawable-xxhdpi	faceid_frames	31983abc92fca82c7454963bc99adecb9435c01701281b176f9e4207ac22b261	31983abc92fca82c7454963bc99adecb9435c01701281b176f9e4207ac22b261	exact
KeyguardSmartisan.apk	res/drawable-xxhdpi/face_loop_84.png	res/drawable-xxhdpi/face_loop_84.png	drawable-xxhdpi	faceid_frames	ae724a2ff12057737a413179585b92bcbbc1e5b6277953adeca552344080ad6f	ae724a2ff12057737a413179585b92bcbbc1e5b6277953adeca552344080ad6f	exact
KeyguardSmartisan.apk	res/drawable-xxhdpi/face_loop_85.png	res/drawable-xxhdpi/face_loop_85.png	drawable-xxhdpi	faceid_frames	f9a348f0b85b5fda8074e266c7df763b85b6ab97866cf4dfceec0b7613030590	f9a348f0b85b5fda8074e266c7df763b85b6ab97866cf4dfceec0b7613030590	exact
KeyguardSmartisan.apk	res/drawable-xxhdpi/face_loop_86.png	res/drawable-xxhdpi/face_loop_86.png	drawable-xxhdpi	faceid_frames	1880739b00b71b854be45122399c8de7e4de481a8d0840e9968b1c6b3f5c661c	1880739b00b71b854be45122399c8de7e4de481a8d0840e9968b1c6b3f5c661c	exact
KeyguardSmartisan.apk	res/drawable-xxhdpi/face_loop_87.png	res/drawable-xxhdpi/face_loop_87.png	drawable-xxhdpi	faceid_frames	35f808c86bf3f9103c86650bae19e07113d6b5d300dae4b7b17a667cad309919	35f808c86bf3f9103c86650bae19e07113d6b5d300dae4b7b17a667cad309919	exact
KeyguardSmartisan.apk	res/drawable-xxhdpi/face_loop_88.png	res/drawable-xxhdpi/face_loop_88.png	drawable-xxhdpi	faceid_frames	1f49a821bc5c89c1ee83f2258c5fcc25d5a5fd8c839df63c138aa83d5c66a8c6	1f49a821bc5c89c1ee83f2258c5fcc25d5a5fd8c839df63c138aa83d5c66a8c6	exact
KeyguardSmartisan.apk	res/drawable-xxhdpi/face_loop_89.png	res/drawable-xxhdpi/face_loop_89.png	drawable-xxhdpi	faceid_frames	ec862530569fbba450abbc80ac738ae0ebe2ee391e04ca74ef649bda05202cfb	ec862530569fbba450abbc80ac738ae0ebe2ee391e04ca74ef649bda05202cfb	exact
KeyguardSmartisan.apk	res/drawable-xxhdpi/face_loop_90.png	res/drawable-xxhdpi/face_loop_90.png	drawable-xxhdpi	faceid_frames	8a303b743b9cfea70ad39d8999b6daba24a110993422dd55fbaa3c9d1ab3a8c4	8a303b743b9cfea70ad39d8999b6daba24a110993422dd55fbaa3c9d1ab3a8c4	exact
KeyguardSmartisan.apk	res/drawable-xxhdpi/face_successed_00.png	res/drawable-xxhdpi/face_successed_00.png	drawable-xxhdpi	faceid_frames	b123776fb463a64aea4739db849e5be6f87c1021a6df9d0346d47e41b4bd319f	b123776fb463a64aea4739db849e5be6f87c1021a6df9d0346d47e41b4bd319f	exact
KeyguardSmartisan.apk	res/drawable-xxhdpi/face_successed_01.png	res/drawable-xxhdpi/face_successed_01.png	drawable-xxhdpi	faceid_frames	1e40c26856807122533683318ff5c538dc3489c2b1a7305960aee8e70c68ce52	1e40c26856807122533683318ff5c538dc3489c2b1a7305960aee8e70c68ce52	exact
KeyguardSmartisan.apk	res/drawable-xxhdpi/face_successed_02.png	res/drawable-xxhdpi/face_successed_02.png	drawable-xxhdpi	faceid_frames	9537d480704d427a031d00ae87590972ae2d038e29c63cb3dd2ffd73ad4d8bd5	9537d480704d427a031d00ae87590972ae2d038e29c63cb3dd2ffd73ad4d8bd5	exact
KeyguardSmartisan.apk	res/drawable-xxhdpi/face_successed_03.png	res/drawable-xxhdpi/face_successed_03.png	drawable-xxhdpi	faceid_frames	80d58cf57fc5ac8c24505e41f467a28ca3acce36af43929e3e9c04bbd76232ff	80d58cf57fc5ac8c24505e41f467a28ca3acce36af43929e3e9c04bbd76232ff	exact
KeyguardSmartisan.apk	res/drawable-xxhdpi/face_successed_04.png	res/drawable-xxhdpi/face_successed_04.png	drawable-xxhdpi	faceid_frames	7dea53849a801f8b48e601b22c314a735a69f4ec8672ebc5a83113ad4df6495c	7dea53849a801f8b48e601b22c314a735a69f4ec8672ebc5a83113ad4df6495c	exact
KeyguardSmartisan.apk	res/drawable-xxhdpi/face_successed_05.png	res/drawable-xxhdpi/face_successed_05.png	drawable-xxhdpi	faceid_frames	fc8f488eb2e352bc3b6a821a1ce120794ca79d0ce620b07fb785c4b9824bacb7	fc8f488eb2e352bc3b6a821a1ce120794ca79d0ce620b07fb785c4b9824bacb7	exact
KeyguardSmartisan.apk	res/drawable-xxhdpi/face_successed_06.png	res/drawable-xxhdpi/face_successed_06.png	drawable-xxhdpi	faceid_frames	16f2e06f11260d4f462f8d84c3fe692dbd43847d019702276de69e089b82316d	16f2e06f11260d4f462f8d84c3fe692dbd43847d019702276de69e089b82316d	exact
KeyguardSmartisan.apk	res/drawable-xxhdpi/face_successed_07.png	res/drawable-xxhdpi/face_successed_07.png	drawable-xxhdpi	faceid_frames	5378b63b0d3a27076dbc8d885c25fb09e542c1da05121b0b6a46278ed08c4964	5378b63b0d3a27076dbc8d885c25fb09e542c1da05121b0b6a46278ed08c4964	exact
KeyguardSmartisan.apk	res/drawable-xxhdpi/face_successed_08.png	res/drawable-xxhdpi/face_successed_08.png	drawable-xxhdpi	faceid_frames	8cbf9e263eeab5387f03e31e5294dcb55365a87d208d46831bc2a342894aed03	8cbf9e263eeab5387f03e31e5294dcb55365a87d208d46831bc2a342894aed03	exact
KeyguardSmartisan.apk	res/drawable-xxhdpi/face_successed_09.png	res/drawable-xxhdpi/face_successed_09.png	drawable-xxhdpi	faceid_frames	f43e31c8c641e9a2e2a0b73123ac6e5543541e3f7d59f4c8ac5e1f3d1fc3d9cb	f43e31c8c641e9a2e2a0b73123ac6e5543541e3f7d59f4c8ac5e1f3d1fc3d9cb	exact
KeyguardSmartisan.apk	res/drawable-xxhdpi/face_successed_10.png	res/drawable-xxhdpi/face_successed_10.png	drawable-xxhdpi	faceid_frames	2d41819d0c32d9630083900ab7fdfdf6f934474054c03a41541dfb6702d70c2c	2d41819d0c32d9630083900ab7fdfdf6f934474054c03a41541dfb6702d70c2c	exact
KeyguardSmartisan.apk	res/drawable-xxhdpi/face_successed_11.png	res/drawable-xxhdpi/face_successed_11.png	drawable-xxhdpi	faceid_frames	d0f8d792c37ce501102bfb71e0ba0b27fb859a946d025125fcd21492fc34505d	d0f8d792c37ce501102bfb71e0ba0b27fb859a946d025125fcd21492fc34505d	exact
KeyguardSmartisan.apk	res/drawable-xxhdpi/face_successed_12.png	res/drawable-xxhdpi/face_successed_12.png	drawable-xxhdpi	faceid_frames	c89e0caa2926ac11c385891c0ad04053625241ee5fb3139cba1d385396a0802c	c89e0caa2926ac11c385891c0ad04053625241ee5fb3139cba1d385396a0802c	exact
KeyguardSmartisan.apk	res/drawable-xxhdpi/face_successed_13.png	res/drawable-xxhdpi/face_successed_13.png	drawable-xxhdpi	faceid_frames	d0ccbb4f7dc97b1bef59f05b33332894306f87674833ac5375494836a8e71e8f	d0ccbb4f7dc97b1bef59f05b33332894306f87674833ac5375494836a8e71e8f	exact
KeyguardSmartisan.apk	res/drawable-xxhdpi/face_successed_14.png	res/drawable-xxhdpi/face_successed_14.png	drawable-xxhdpi	faceid_frames	52821091d083a23a33408fa77a6d42abc988e82893cf38b12211f7a333e074bc	52821091d083a23a33408fa77a6d42abc988e82893cf38b12211f7a333e074bc	exact
KeyguardSmartisan.apk	res/drawable-xxhdpi/face_successed_15.png	res/drawable-xxhdpi/face_successed_15.png	drawable-xxhdpi	faceid_frames	ea4eb62ffb754c6973bf5378070e97d8e9acc5e6a17b3470534da6c476e939ca	ea4eb62ffb754c6973bf5378070e97d8e9acc5e6a17b3470534da6c476e939ca	exact
KeyguardSmartisan.apk	res/drawable-xxhdpi/face_successed_16.png	res/drawable-xxhdpi/face_successed_16.png	drawable-xxhdpi	faceid_frames	03fe41f3a4cddcb789a1abb313f65bbcddd5fa0d8a9f7687f624e98a8322b445	03fe41f3a4cddcb789a1abb313f65bbcddd5fa0d8a9f7687f624e98a8322b445	exact
KeyguardSmartisan.apk	res/drawable-xxhdpi/face_successed_17.png	res/drawable-xxhdpi/face_successed_17.png	drawable-xxhdpi	faceid_frames	d7f02f28cc697401966925ae438cdc102db900e55b305d117a522a34d78f8b16	d7f02f28cc697401966925ae438cdc102db900e55b305d117a522a34d78f8b16	exact
KeyguardSmartisan.apk	res/drawable-xxhdpi/face_successed_18.png	res/drawable-xxhdpi/face_successed_18.png	drawable-xxhdpi	faceid_frames	53401d75b4e38e4c022a0f32669cb1388f6de811fbaa99a75678fe52d4ca94bf	53401d75b4e38e4c022a0f32669cb1388f6de811fbaa99a75678fe52d4ca94bf	exact
KeyguardSmartisan.apk	res/drawable-xxhdpi/face_successed_19.png	res/drawable-xxhdpi/face_successed_19.png	drawable-xxhdpi	faceid_frames	4493c72f6fe6cca45b40583156fcf2e36b822f84016e4998beee2c7bcf97fbb5	4493c72f6fe6cca45b40583156fcf2e36b822f84016e4998beee2c7bcf97fbb5	exact
KeyguardSmartisan.apk	res/drawable-xxhdpi/face_successed_20.png	res/drawable-xxhdpi/face_successed_20.png	drawable-xxhdpi	faceid_frames	da2e294a4896704ff36b793230d935fae4856c0dd5e27366659a2aeaccc18ab9	da2e294a4896704ff36b793230d935fae4856c0dd5e27366659a2aeaccc18ab9	exact
KeyguardSmartisan.apk	res/drawable-xxhdpi/face_successed_21.png	res/drawable-xxhdpi/face_successed_21.png	drawable-xxhdpi	faceid_frames	1c1f1ebe5199d12fa10e8d62a720f011469ab459733682e33f0e01d924fd14f8	1c1f1ebe5199d12fa10e8d62a720f011469ab459733682e33f0e01d924fd14f8	exact
KeyguardSmartisan.apk	res/drawable-xxhdpi/face_successed_22.png	res/drawable-xxhdpi/face_successed_22.png	drawable-xxhdpi	faceid_frames	f3760e96b2339e9f91bb7e22b9e5957fbc9c732d8d2d1ae77c24d7ac37a56afb	f3760e96b2339e9f91bb7e22b9e5957fbc9c732d8d2d1ae77c24d7ac37a56afb	exact
KeyguardSmartisan.apk	res/drawable-xxhdpi/face_successed_23.png	res/drawable-xxhdpi/face_successed_23.png	drawable-xxhdpi	faceid_frames	11582b6a820c46503abd8927b57d4e366ec61592cc855a846112ab9b164aab11	11582b6a820c46503abd8927b57d4e366ec61592cc855a846112ab9b164aab11	exact
KeyguardSmartisan.apk	res/drawable-xxhdpi/face_successed_24.png	res/drawable-xxhdpi/face_successed_24.png	drawable-xxhdpi	faceid_frames	325f74c40283218f639e5d004a30fc8c9dfdc24689fd64e1c3ce4d7832e271d2	325f74c40283218f639e5d004a30fc8c9dfdc24689fd64e1c3ce4d7832e271d2	exact
KeyguardSmartisan.apk	res/drawable-xxhdpi/face_successed_25.png	res/drawable-xxhdpi/face_successed_25.png	drawable-xxhdpi	faceid_frames	1db5856660a3693b2fbaf41d74193a6b53050ea8ded8593221fc39db84a0b165	1db5856660a3693b2fbaf41d74193a6b53050ea8ded8593221fc39db84a0b165	exact
KeyguardSmartisan.apk	res/drawable-xxhdpi/face_successed_26.png	res/drawable-xxhdpi/face_successed_26.png	drawable-xxhdpi	faceid_frames	c17664832e417ea8c65613ae88d3c316535cbfef887f6db3ef941e357f3ac38a	c17664832e417ea8c65613ae88d3c316535cbfef887f6db3ef941e357f3ac38a	exact
KeyguardSmartisan.apk	res/drawable-xxhdpi/face_successed_27.png	res/drawable-xxhdpi/face_successed_27.png	drawable-xxhdpi	faceid_frames	534841072c1e494d1753526c866e2291929dc89fe1f09aa71e5dabf44ee07025	534841072c1e494d1753526c866e2291929dc89fe1f09aa71e5dabf44ee07025	exact
KeyguardSmartisan.apk	res/drawable-xxhdpi/face_successed_28.png	res/drawable-xxhdpi/face_successed_28.png	drawable-xxhdpi	faceid_frames	f4fca554afd29af64c65a4322faf6f9098dcf020b42b65053db159485d8fc66e	f4fca554afd29af64c65a4322faf6f9098dcf020b42b65053db159485d8fc66e	exact
KeyguardSmartisan.apk	res/drawable-xxhdpi/face_successed_29.png	res/drawable-xxhdpi/face_successed_29.png	drawable-xxhdpi	faceid_frames	1d3c3a802ae70a2d61424ee370eb463c127431456a312a7e002a3bbfe50b0df2	1d3c3a802ae70a2d61424ee370eb463c127431456a312a7e002a3bbfe50b0df2	exact
KeyguardSmartisan.apk	res/drawable-xxhdpi/face_successed_30.png	res/drawable-xxhdpi/face_successed_30.png	drawable-xxhdpi	faceid_frames	1857e8dbfef21bfa450482a9da34f6078455eb7f3d7bf4b7326f24df7bececeb	1857e8dbfef21bfa450482a9da34f6078455eb7f3d7bf4b7326f24df7bececeb	exact
KeyguardSmartisan.apk	res/drawable-xxhdpi/face_successed_31.png	res/drawable-xxhdpi/face_successed_31.png	drawable-xxhdpi	faceid_frames	e942ceda965a0c8d396c1fe887521a4a990e257ccdd88dac72cdecdcaa40882f	e942ceda965a0c8d396c1fe887521a4a990e257ccdd88dac72cdecdcaa40882f	exact
KeyguardSmartisan.apk	res/drawable-xxhdpi/face_successed_32.png	res/drawable-xxhdpi/face_successed_32.png	drawable-xxhdpi	faceid_frames	7410cc5342d55c893ac75ae5c05cdd0f1ad8ae58e100f29eab5158f74d78441c	7410cc5342d55c893ac75ae5c05cdd0f1ad8ae58e100f29eab5158f74d78441c	exact
KeyguardSmartisan.apk	res/drawable-xxhdpi/face_successed_33.png	res/drawable-xxhdpi/face_successed_33.png	drawable-xxhdpi	faceid_frames	bdc8c6f5532595a31b67293024fe5e310a1a21d62a78b2d9f09619152418bfdb	bdc8c6f5532595a31b67293024fe5e310a1a21d62a78b2d9f09619152418bfdb	exact
KeyguardSmartisan.apk	res/drawable-xxhdpi/face_successed_34.png	res/drawable-xxhdpi/face_successed_34.png	drawable-xxhdpi	faceid_frames	e74a6ecb4b807a16a63d815153394fad69660b241e9cb25c6f1a8bcbc70e66df	e74a6ecb4b807a16a63d815153394fad69660b241e9cb25c6f1a8bcbc70e66df	exact
KeyguardSmartisan.apk	res/drawable-xxhdpi/face_successed_35.png	res/drawable-xxhdpi/face_successed_35.png	drawable-xxhdpi	faceid_frames	2484b4cbb7e5734c8c7ca8b8ec0f1308f808bd84147bfa4008d24532283ac7c1	2484b4cbb7e5734c8c7ca8b8ec0f1308f808bd84147bfa4008d24532283ac7c1	exact
KeyguardSmartisan.apk	res/drawable-xxhdpi/face_successed_36.png	res/drawable-xxhdpi/face_successed_36.png	drawable-xxhdpi	faceid_frames	482f266c838ecab043a1c232634781fb828dcbe8dc19fe65fff194f052c49de5	482f266c838ecab043a1c232634781fb828dcbe8dc19fe65fff194f052c49de5	exact
KeyguardSmartisan.apk	res/drawable-xxhdpi/face_successed_37.png	res/drawable-xxhdpi/face_successed_37.png	drawable-xxhdpi	faceid_frames	2a16b952e890f5b66a9bde37b5c01b8dc41059d86ef4205387bb08922bfdbc8f	2a16b952e890f5b66a9bde37b5c01b8dc41059d86ef4205387bb08922bfdbc8f	exact
KeyguardSmartisan.apk	res/drawable-xxhdpi/face_successed_38.png	res/drawable-xxhdpi/face_successed_38.png	drawable-xxhdpi	faceid_frames	4dfb8f0b044f6520e75586eb7c7fdae29f95a7ea953a40a7e547b015ba627f51	4dfb8f0b044f6520e75586eb7c7fdae29f95a7ea953a40a7e547b015ba627f51	exact
KeyguardSmartisan.apk	res/drawable-xxhdpi/face_successed_39.png	res/drawable-xxhdpi/face_successed_39.png	drawable-xxhdpi	faceid_frames	0255a1777289c95d7e4f0c9a5493e04d20ceb10b0feeb41f58eb4207200065c6	0255a1777289c95d7e4f0c9a5493e04d20ceb10b0feeb41f58eb4207200065c6	exact
KeyguardSmartisan.apk	res/drawable-xxhdpi/face_successed_40.png	res/drawable-xxhdpi/face_successed_40.png	drawable-xxhdpi	faceid_frames	c75d18ba32e248698dc504396f4cb93d6e5bf53ec47be8f2e0115f1e083e996b	c75d18ba32e248698dc504396f4cb93d6e5bf53ec47be8f2e0115f1e083e996b	exact
KeyguardSmartisan.apk	res/drawable-xxhdpi/keyguard_lock_pattern_view_background.png	res/drawable-xxhdpi/keyguard_lock_pattern_view_background.png	drawable-xxhdpi	pattern_renderer	6c6f06776458c705b57c3bc34668222a44848d822d339e07dc46d33c88cde914	6c6f06776458c705b57c3bc34668222a44848d822d339e07dc46d33c88cde914	exact
KeyguardSmartisan.apk	res/drawable-xxhdpi/keyguard_lock_pattern_view_circle_right.png	res/drawable-xxhdpi/keyguard_lock_pattern_view_circle_right.png	drawable-xxhdpi	pattern_renderer	3b4528af68b5d618b3d18ba0ec7f8537cbd388a118a1af3778c18b8b791bfdcb	3b4528af68b5d618b3d18ba0ec7f8537cbd388a118a1af3778c18b8b791bfdcb	exact
KeyguardSmartisan.apk	res/drawable-xxhdpi/keyguard_lock_pattern_view_circle_wrong.png	res/drawable-xxhdpi/keyguard_lock_pattern_view_circle_wrong.png	drawable-xxhdpi	pattern_renderer	c0fffd1bbfede0c82458da5f208ab2910a5242d2a01bbb068b83f21e21bd52b4	c0fffd1bbfede0c82458da5f208ab2910a5242d2a01bbb068b83f21e21bd52b4	exact
KeyguardSmartisan.apk	res/drawable-xxhdpi/keyguard_sim_pass_confirm_button.png	res/drawable-xxhdpi/keyguard_sim_pass_confirm_button.png	drawable-xxhdpi	sim_confirm	83c650d8597c09aa9815f575ea5fefb9edd9a27f58a0377144ce7628a4b65f69	83c650d8597c09aa9815f575ea5fefb9edd9a27f58a0377144ce7628a4b65f69	exact
KeyguardSmartisan.apk	res/drawable-xxhdpi/keyguard_sim_pass_confirm_button_disable.png	res/drawable-xxhdpi/keyguard_sim_pass_confirm_button_disable.png	drawable-xxhdpi	sim_confirm	9bfb09b6ed20a4b7d11945d6c6d0f4f1649f5e28018d0a778a8843c341f9895d	9bfb09b6ed20a4b7d11945d6c6d0f4f1649f5e28018d0a778a8843c341f9895d	exact
KeyguardSmartisan.apk	res/drawable-xxhdpi/keyguard_sim_pass_confirm_button_down.png	res/drawable-xxhdpi/keyguard_sim_pass_confirm_button_down.png	drawable-xxhdpi	sim_confirm	4d28603e2f362004bbb8252395d9dc40e8bf2430c1a91017bfa31df4fb1d94f4	4d28603e2f362004bbb8252395d9dc40e8bf2430c1a91017bfa31df4fb1d94f4	exact
KeyguardSmartisan.apk	res/drawable-xxhdpi/no0.png	res/drawable-xxhdpi/no0.png	drawable-xxhdpi	recorder_clock_digits	def7bf2c298b7b6fa8900c4a49d00e8f78f661f279c390ab7f22a4d51fc741df	def7bf2c298b7b6fa8900c4a49d00e8f78f661f279c390ab7f22a4d51fc741df	exact
KeyguardSmartisan.apk	res/drawable-xxhdpi/no1.png	res/drawable-xxhdpi/no1.png	drawable-xxhdpi	recorder_clock_digits	a87b68608bb136d675149005a0d5513e999cbe5a5618f14f2bd8d8dffd6ee4c7	a87b68608bb136d675149005a0d5513e999cbe5a5618f14f2bd8d8dffd6ee4c7	exact
KeyguardSmartisan.apk	res/drawable-xxhdpi/no2.png	res/drawable-xxhdpi/no2.png	drawable-xxhdpi	recorder_clock_digits	53d0074c7c02d34ca74205508f52602ebe5d42b0b60043423f1e334aadccc8cf	53d0074c7c02d34ca74205508f52602ebe5d42b0b60043423f1e334aadccc8cf	exact
KeyguardSmartisan.apk	res/drawable-xxhdpi/no3.png	res/drawable-xxhdpi/no3.png	drawable-xxhdpi	recorder_clock_digits	c12ae89fe804ac79b9d0ae12df63f602519852bc58486ffeb6c6270e648c9fef	c12ae89fe804ac79b9d0ae12df63f602519852bc58486ffeb6c6270e648c9fef	exact
KeyguardSmartisan.apk	res/drawable-xxhdpi/no4.png	res/drawable-xxhdpi/no4.png	drawable-xxhdpi	recorder_clock_digits	46d78007e72284f09e513c2cff7831cb1ee092902f5e161f2ee68f3b1fa7d2e6	46d78007e72284f09e513c2cff7831cb1ee092902f5e161f2ee68f3b1fa7d2e6	exact
KeyguardSmartisan.apk	res/drawable-xxhdpi/no5.png	res/drawable-xxhdpi/no5.png	drawable-xxhdpi	recorder_clock_digits	04a47a58f5e96ca025f5875f28c5ed98c0c7c17c5a513c90ebcb02c5fe7c3877	04a47a58f5e96ca025f5875f28c5ed98c0c7c17c5a513c90ebcb02c5fe7c3877	exact
KeyguardSmartisan.apk	res/drawable-xxhdpi/no6.png	res/drawable-xxhdpi/no6.png	drawable-xxhdpi	recorder_clock_digits	2371c2967c0a27539e0417081bc2354f382ba7bff21967864199e4a353977402	2371c2967c0a27539e0417081bc2354f382ba7bff21967864199e4a353977402	exact
KeyguardSmartisan.apk	res/drawable-xxhdpi/no7.png	res/drawable-xxhdpi/no7.png	drawable-xxhdpi	recorder_clock_digits	273e4b421d514b41bfbde9eecebe544ba596b6ac4c1a889afaae2bdb478edb12	273e4b421d514b41bfbde9eecebe544ba596b6ac4c1a889afaae2bdb478edb12	exact
KeyguardSmartisan.apk	res/drawable-xxhdpi/no8.png	res/drawable-xxhdpi/no8.png	drawable-xxhdpi	recorder_clock_digits	f836531b992991d0fd2c641b9517c9a42ea275188775ad1d78a8f5e5b75e6a1a	f836531b992991d0fd2c641b9517c9a42ea275188775ad1d78a8f5e5b75e6a1a	exact
KeyguardSmartisan.apk	res/drawable-xxhdpi/no9.png	res/drawable-xxhdpi/no9.png	drawable-xxhdpi	recorder_clock_digits	6c72bea15905c1c6742db9e8412ac743018a749babdba50ba9d807f063e981e5	6c72bea15905c1c6742db9e8412ac743018a749babdba50ba9d807f063e981e5	exact
KeyguardSmartisan.apk	res/drawable/animation_faceid_detecting.xml	res/drawable/animation_faceid_detecting.xml	default	faceid_animation	b0d071332bb8aa0fce026421e8594e46f3d7dbb5f055ecfaeabf8c888acec2c3	b0d071332bb8aa0fce026421e8594e46f3d7dbb5f055ecfaeabf8c888acec2c3	exact
KeyguardSmartisan.apk	res/drawable/animation_faceid_failed.xml	res/drawable/animation_faceid_failed.xml	default	faceid_animation	c2e7fa4ed68ff98bdc1b462d464bb88a44b629f2ae69fd975276da061686231f	f734d7a568d2d2dc63db8659d90ff41c37a0e99cdd7acb12a3d3664dcb05902a	adapted
KeyguardSmartisan.apk	res/drawable/animation_faceid_refresh.xml	res/drawable/animation_faceid_refresh.xml	default	faceid_animation	cbf654d2eed0f31e8532faf620753ee7bc15d4b91cf5d2701eabb089ba42aa1d	91399948c24ad232adc2b270515da77bcf8dbfff60e4c977402854f363cceabc	adapted
KeyguardSmartisan.apk	res/drawable/animation_faceid_success.xml	res/drawable/animation_faceid_success.xml	default	faceid_animation	8e0c7b5dd767a2295c4f0b92d306820cdfa03d40cbb121fc57b82394b89b2d2d	2cb0f6df9fdef471ced06df28abc03c1757251b6c0cac2b32d2917210733eb25	adapted
KeyguardSmartisan.apk	res/drawable/secletor_quicklaunch_pick_btn.xml	res/drawable/secletor_quicklaunch_pick_btn.xml	default	quick_launch_selector	16627d2621c460fef7d4a6ba1a5149accea9797fed2b4306db567464b4a7d19b	16627d2621c460fef7d4a6ba1a5149accea9797fed2b4306db567464b4a7d19b	exact
KeyguardSmartisan.apk	res/drawable/secletor_quicklaunch_pick_btn_light.xml	res/drawable/secletor_quicklaunch_pick_btn_light.xml	default	quick_launch_selector	6d6630504e6938159341015f3fd997c65219ece9bb0ec60a6cb3c36bce85268a	6d6630504e6938159341015f3fd997c65219ece9bb0ec60a6cb3c36bce85268a	exact
KeyguardSmartisan.apk	res/drawable/secletor_slide_bar_btn_camera.xml	res/drawable/secletor_slide_bar_btn_camera.xml	default	quick_launch_selector	01c24a179c969decc335ef483991d905ce478c18754a16fa2cc3c22e705b6c96	01c24a179c969decc335ef483991d905ce478c18754a16fa2cc3c22e705b6c96	exact
KeyguardSmartisan.apk	res/drawable/secletor_slide_bar_btn_camera_light.xml	res/drawable/secletor_slide_bar_btn_camera_light.xml	default	quick_launch_selector	7406d6aad969baf16f44aa6d04186d79d377dd70ec148d252e679f5da16f0f95	7406d6aad969baf16f44aa6d04186d79d377dd70ec148d252e679f5da16f0f95	exact
KeyguardSmartisan.apk	res/drawable/secletor_slide_bar_btn_phone.xml	res/drawable/secletor_slide_bar_btn_phone.xml	default	quick_launch_selector	42aa34a2b3d3095d144da1798a94d6792d01ac8d2c33aac81c16aa7dde06908e	42aa34a2b3d3095d144da1798a94d6792d01ac8d2c33aac81c16aa7dde06908e	exact
KeyguardSmartisan.apk	res/drawable/secletor_slide_bar_btn_phone_light.xml	res/drawable/secletor_slide_bar_btn_phone_light.xml	default	quick_launch_selector	11bb8ead147aa0a44b2c432a171ac09ce465270aad5e7ee10328e0f5dc75b4be	11bb8ead147aa0a44b2c432a171ac09ce465270aad5e7ee10328e0f5dc75b4be	exact
KeyguardSmartisan.apk	res/drawable/secletor_slide_bar_btn_sms.xml	res/drawable/secletor_slide_bar_btn_sms.xml	default	quick_launch_selector	8af9b93c19cdb18d198fe5118cf5c3ccdf44aa6319396707eef71211fa337244	8af9b93c19cdb18d198fe5118cf5c3ccdf44aa6319396707eef71211fa337244	exact
KeyguardSmartisan.apk	res/drawable/secletor_slide_bar_btn_sms_light.xml	res/drawable/secletor_slide_bar_btn_sms_light.xml	default	quick_launch_selector	75d0965f0cff4fe5ce4da8a9bcc63be5eaba872076c7566ddb2244865880c5fc	75d0965f0cff4fe5ce4da8a9bcc63be5eaba872076c7566ddb2244865880c5fc	exact
KeyguardSmartisan.apk	res/drawable-400dpi/camera_icon.png	res/drawable-400dpi/camera_icon.png	drawable-400dpi	quick_launch_picker	f6addbbbc75c31c4108dff0836e54040051fe316a7cf837fd2cb974250d4e650	f6addbbbc75c31c4108dff0836e54040051fe316a7cf837fd2cb974250d4e650	exact
KeyguardSmartisan.apk	res/drawable-400dpi/camera_icon_actived.png	res/drawable-400dpi/camera_icon_actived.png	drawable-400dpi	quick_launch_picker	71a9688d772e367c155ff58171a11817898054eb5f27787cc293a077e1e0b8b5	71a9688d772e367c155ff58171a11817898054eb5f27787cc293a077e1e0b8b5	exact
KeyguardSmartisan.apk	res/drawable-400dpi/camera_icon_actived_light.png	res/drawable-400dpi/camera_icon_actived_light.png	drawable-400dpi	quick_launch_picker	9fe6b7e3fe48704355e9c2c27b5e8813ede9739f57f08ba3fabbc28095dda1fc	9fe6b7e3fe48704355e9c2c27b5e8813ede9739f57f08ba3fabbc28095dda1fc	exact
KeyguardSmartisan.apk	res/drawable-400dpi/camera_icon_disabled.png	res/drawable-400dpi/camera_icon_disabled.png	drawable-400dpi	quick_launch_picker	0ee3bafcc759cd963645b1d9f0ffdb9139fdfd2916cae8217089de625f87e467	0ee3bafcc759cd963645b1d9f0ffdb9139fdfd2916cae8217089de625f87e467	exact
KeyguardSmartisan.apk	res/drawable-400dpi/camera_icon_disabled_light.png	res/drawable-400dpi/camera_icon_disabled_light.png	drawable-400dpi	quick_launch_picker	fa635f73d7f1786990c4ab1211228ecac10a2f20e046d5da30d2201e6562c8d0	fa635f73d7f1786990c4ab1211228ecac10a2f20e046d5da30d2201e6562c8d0	exact
KeyguardSmartisan.apk	res/drawable-400dpi/camera_icon_light.png	res/drawable-400dpi/camera_icon_light.png	drawable-400dpi	quick_launch_picker	fa2755075bbfc5d192d06d3c11eb8067e8b18039c4e523b77f9952b4667ad826	fa2755075bbfc5d192d06d3c11eb8067e8b18039c4e523b77f9952b4667ad826	exact
KeyguardSmartisan.apk	res/drawable-400dpi/message_icon.png	res/drawable-400dpi/message_icon.png	drawable-400dpi	quick_launch_picker	5814b294bfbd3b4fa53d6e9d885d6df6bad1995dd39ac4fee54277fd63370275	5814b294bfbd3b4fa53d6e9d885d6df6bad1995dd39ac4fee54277fd63370275	exact
KeyguardSmartisan.apk	res/drawable-400dpi/message_icon_actived.png	res/drawable-400dpi/message_icon_actived.png	drawable-400dpi	quick_launch_picker	0d1f07a93448178ac9c49b46d2b9695c62f8dd0b43adc03663109ac7d9c5b56e	0d1f07a93448178ac9c49b46d2b9695c62f8dd0b43adc03663109ac7d9c5b56e	exact
KeyguardSmartisan.apk	res/drawable-400dpi/message_icon_actived_light.png	res/drawable-400dpi/message_icon_actived_light.png	drawable-400dpi	quick_launch_picker	fe353513acc4b48552433340ac86117767badc132225c1b644176b5d68dde0e1	fe353513acc4b48552433340ac86117767badc132225c1b644176b5d68dde0e1	exact
KeyguardSmartisan.apk	res/drawable-400dpi/message_icon_disabled.png	res/drawable-400dpi/message_icon_disabled.png	drawable-400dpi	quick_launch_picker	cd2cb1ac80beaf1f96a914339af35d4fc31a613cfb4e9d0d309b43a117d6926c	cd2cb1ac80beaf1f96a914339af35d4fc31a613cfb4e9d0d309b43a117d6926c	exact
KeyguardSmartisan.apk	res/drawable-400dpi/message_icon_light.png	res/drawable-400dpi/message_icon_light.png	drawable-400dpi	quick_launch_picker	353c9f1afd687bf8f9400c71c656bf146157a2e2038e9d3c31549ff9a854b681	353c9f1afd687bf8f9400c71c656bf146157a2e2038e9d3c31549ff9a854b681	exact
KeyguardSmartisan.apk	res/drawable-400dpi/message_light_icon_disabled.png	res/drawable-400dpi/message_light_icon_disabled.png	drawable-400dpi	quick_launch_picker	73a2b692a6aba24f60119f06c2cad704d9b7005d7744b5ebf0009d4d9d2342c9	73a2b692a6aba24f60119f06c2cad704d9b7005d7744b5ebf0009d4d9d2342c9	exact
KeyguardSmartisan.apk	res/drawable-400dpi/multi_pin_unlock_checked.png	res/drawable-400dpi/multi_pin_unlock_checked.png	drawable-400dpi	sim_status	95fb3cab67793d3cda41f52a15cf4e4edbe842683e021ab00f772b9fb19af7ec	95fb3cab67793d3cda41f52a15cf4e4edbe842683e021ab00f772b9fb19af7ec	exact
KeyguardSmartisan.apk	res/drawable-400dpi/phone_icon.png	res/drawable-400dpi/phone_icon.png	drawable-400dpi	quick_launch_picker	91f3e7d0138e9191ae006f17bb4207dc65512abd61b85f834108b0cc46f7444c	91f3e7d0138e9191ae006f17bb4207dc65512abd61b85f834108b0cc46f7444c	exact
KeyguardSmartisan.apk	res/drawable-400dpi/phone_icon_actived.png	res/drawable-400dpi/phone_icon_actived.png	drawable-400dpi	quick_launch_picker	232595a1772b234e809ecdb14db326dbaf0dde3123c9c35428b289e0b895b87a	232595a1772b234e809ecdb14db326dbaf0dde3123c9c35428b289e0b895b87a	exact
KeyguardSmartisan.apk	res/drawable-400dpi/phone_icon_actived_light.png	res/drawable-400dpi/phone_icon_actived_light.png	drawable-400dpi	quick_launch_picker	762c998ff7f55b56a6713c8e3e37aa727064251ca75cec5a7d391f3c6150495f	762c998ff7f55b56a6713c8e3e37aa727064251ca75cec5a7d391f3c6150495f	exact
KeyguardSmartisan.apk	res/drawable-400dpi/phone_icon_disabled.png	res/drawable-400dpi/phone_icon_disabled.png	drawable-400dpi	quick_launch_picker	ae4d7aa71fc58b659de42384a47fb1b9a041d4d1cb0cb257e39c793a530505b8	ae4d7aa71fc58b659de42384a47fb1b9a041d4d1cb0cb257e39c793a530505b8	exact
KeyguardSmartisan.apk	res/drawable-400dpi/phone_icon_light.png	res/drawable-400dpi/phone_icon_light.png	drawable-400dpi	quick_launch_picker	0170bdd0e19b89d506697e7146c07acad0e13713c06ee32dc40de96ef259f50c	0170bdd0e19b89d506697e7146c07acad0e13713c06ee32dc40de96ef259f50c	exact
KeyguardSmartisan.apk	res/drawable-400dpi/phone_light_icon_disabled.png	res/drawable-400dpi/phone_light_icon_disabled.png	drawable-400dpi	quick_launch_picker	8681063937ff939acea9b4c1011caaf1c71b01b67dd6090d7dc7039924456434	8681063937ff939acea9b4c1011caaf1c71b01b67dd6090d7dc7039924456434	exact
KeyguardSmartisan.apk	res/drawable-400dpi/sim1_icon.png	res/drawable-400dpi/sim1_icon.png	drawable-400dpi	sim_status	0dc0dcc142de55a1b71b9087d642b441663587c1d421d62d726bb10b2a7bec45	0dc0dcc142de55a1b71b9087d642b441663587c1d421d62d726bb10b2a7bec45	exact
KeyguardSmartisan.apk	res/drawable-400dpi/sim2_icon.png	res/drawable-400dpi/sim2_icon.png	drawable-400dpi	sim_status	ce14fa51fee266390b46603bd4bcf52329c81e3fa2c040015500b82c103dd989	ce14fa51fee266390b46603bd4bcf52329c81e3fa2c040015500b82c103dd989	exact
KeyguardSmartisan.apk	res/drawable-xxhdpi/buttom_framepop_icon_camera.png	res/drawable-xxhdpi/buttom_framepop_icon_camera.png	drawable-xxhdpi	quick_launch_picker	91cacd6752c4d1cf35919e9d3446bb714899e02f39e977c4b63e5b4760be6d04	91cacd6752c4d1cf35919e9d3446bb714899e02f39e977c4b63e5b4760be6d04	exact
KeyguardSmartisan.apk	res/drawable-xxhdpi/buttom_framepop_icon_notes.png	res/drawable-xxhdpi/buttom_framepop_icon_notes.png	drawable-xxhdpi	quick_launch_picker	aa0c23fa30c8c9c3946c89db1e191ed920c9ef6e398fbf3ef548efa8f64588db	aa0c23fa30c8c9c3946c89db1e191ed920c9ef6e398fbf3ef548efa8f64588db	exact
KeyguardSmartisan.apk	res/drawable-xxhdpi/buttom_framepop_icon_phone.png	res/drawable-xxhdpi/buttom_framepop_icon_phone.png	drawable-xxhdpi	quick_launch_picker	ca7f6d6346723a02108cec92c82fea4f89d5d66ed785fa550ea381489d67c11e	ca7f6d6346723a02108cec92c82fea4f89d5d66ed785fa550ea381489d67c11e	exact
KeyguardSmartisan.apk	res/drawable-xxhdpi/buttom_framepop_icon_sms.png	res/drawable-xxhdpi/buttom_framepop_icon_sms.png	drawable-xxhdpi	quick_launch_picker	67d4f7b4f000e658f17f3a7f4ce34fa7e75985c9bfce5db98b79d186ee90b6d0	67d4f7b4f000e658f17f3a7f4ce34fa7e75985c9bfce5db98b79d186ee90b6d0	exact
KeyguardSmartisan.apk	res/drawable-xxhdpi/buttom_small.png	res/drawable-xxhdpi/buttom_small.png	drawable-xxhdpi	quick_launch_picker	87c2071a1a43551f954aa0d881c74373a5717dcaf07e03afecfd1d8b13da1dc9	87c2071a1a43551f954aa0d881c74373a5717dcaf07e03afecfd1d8b13da1dc9	exact
KeyguardSmartisan.apk	res/drawable-xxhdpi/buttom_small_disabled.png	res/drawable-xxhdpi/buttom_small_disabled.png	drawable-xxhdpi	quick_launch_picker	a5d9e4cf1397fb7acb271ff83ba119f6bd8ee3159dfb069dcbe6cbf8e5335589	a5d9e4cf1397fb7acb271ff83ba119f6bd8ee3159dfb069dcbe6cbf8e5335589	exact
KeyguardSmartisan.apk	res/drawable-xxhdpi/camera_icon.png	res/drawable-xxhdpi/camera_icon.png	drawable-xxhdpi	quick_launch_picker	f6addbbbc75c31c4108dff0836e54040051fe316a7cf837fd2cb974250d4e650	f6addbbbc75c31c4108dff0836e54040051fe316a7cf837fd2cb974250d4e650	exact
KeyguardSmartisan.apk	res/drawable-xxhdpi/camera_icon_actived.png	res/drawable-xxhdpi/camera_icon_actived.png	drawable-xxhdpi	quick_launch_picker	71a9688d772e367c155ff58171a11817898054eb5f27787cc293a077e1e0b8b5	71a9688d772e367c155ff58171a11817898054eb5f27787cc293a077e1e0b8b5	exact
KeyguardSmartisan.apk	res/drawable-xxhdpi/camera_icon_actived_light.png	res/drawable-xxhdpi/camera_icon_actived_light.png	drawable-xxhdpi	quick_launch_picker	9fe6b7e3fe48704355e9c2c27b5e8813ede9739f57f08ba3fabbc28095dda1fc	9fe6b7e3fe48704355e9c2c27b5e8813ede9739f57f08ba3fabbc28095dda1fc	exact
KeyguardSmartisan.apk	res/drawable-xxhdpi/camera_icon_disabled.png	res/drawable-xxhdpi/camera_icon_disabled.png	drawable-xxhdpi	quick_launch_picker	0ee3bafcc759cd963645b1d9f0ffdb9139fdfd2916cae8217089de625f87e467	0ee3bafcc759cd963645b1d9f0ffdb9139fdfd2916cae8217089de625f87e467	exact
KeyguardSmartisan.apk	res/drawable-xxhdpi/camera_icon_disabled_light.png	res/drawable-xxhdpi/camera_icon_disabled_light.png	drawable-xxhdpi	quick_launch_picker	fa635f73d7f1786990c4ab1211228ecac10a2f20e046d5da30d2201e6562c8d0	fa635f73d7f1786990c4ab1211228ecac10a2f20e046d5da30d2201e6562c8d0	exact
KeyguardSmartisan.apk	res/drawable-xxhdpi/camera_icon_light.png	res/drawable-xxhdpi/camera_icon_light.png	drawable-xxhdpi	quick_launch_picker	fa2755075bbfc5d192d06d3c11eb8067e8b18039c4e523b77f9952b4667ad826	fa2755075bbfc5d192d06d3c11eb8067e8b18039c4e523b77f9952b4667ad826	exact
KeyguardSmartisan.apk	res/drawable-xxhdpi/capture_appunknow_splash.png	res/drawable-xxhdpi/capture_appunknow_splash.png	drawable-xxhdpi	quick_launch_picker	6be63ad92ad4bef11c6db4ad773410fb95757d77483d1138255cdf9ebb52ccf9	6be63ad92ad4bef11c6db4ad773410fb95757d77483d1138255cdf9ebb52ccf9	exact
KeyguardSmartisan.apk	res/drawable-xxhdpi/focus.png	res/drawable-xxhdpi/focus.png	drawable-xxhdpi	quick_launch_indicator	9d3a51ae204e0afe4cd435d05930cc3d18f6c3f9249f1189d678430edb463aaa	9d3a51ae204e0afe4cd435d05930cc3d18f6c3f9249f1189d678430edb463aaa	exact
KeyguardSmartisan.apk	res/drawable-xxhdpi/focus_light.png	res/drawable-xxhdpi/focus_light.png	drawable-xxhdpi	quick_launch_indicator	323c6cf032b47c1e16b7e0348d950c97ad55108a004aa141643de73654e55ed3	323c6cf032b47c1e16b7e0348d950c97ad55108a004aa141643de73654e55ed3	exact
KeyguardSmartisan.apk	res/drawable-xxhdpi/message_icon.png	res/drawable-xxhdpi/message_icon.png	drawable-xxhdpi	quick_launch_picker	5814b294bfbd3b4fa53d6e9d885d6df6bad1995dd39ac4fee54277fd63370275	5814b294bfbd3b4fa53d6e9d885d6df6bad1995dd39ac4fee54277fd63370275	exact
KeyguardSmartisan.apk	res/drawable-xxhdpi/message_icon_actived.png	res/drawable-xxhdpi/message_icon_actived.png	drawable-xxhdpi	quick_launch_picker	0d1f07a93448178ac9c49b46d2b9695c62f8dd0b43adc03663109ac7d9c5b56e	0d1f07a93448178ac9c49b46d2b9695c62f8dd0b43adc03663109ac7d9c5b56e	exact
KeyguardSmartisan.apk	res/drawable-xxhdpi/message_icon_actived_light.png	res/drawable-xxhdpi/message_icon_actived_light.png	drawable-xxhdpi	quick_launch_picker	fe353513acc4b48552433340ac86117767badc132225c1b644176b5d68dde0e1	fe353513acc4b48552433340ac86117767badc132225c1b644176b5d68dde0e1	exact
KeyguardSmartisan.apk	res/drawable-xxhdpi/message_icon_disabled.png	res/drawable-xxhdpi/message_icon_disabled.png	drawable-xxhdpi	quick_launch_picker	cd2cb1ac80beaf1f96a914339af35d4fc31a613cfb4e9d0d309b43a117d6926c	cd2cb1ac80beaf1f96a914339af35d4fc31a613cfb4e9d0d309b43a117d6926c	exact
KeyguardSmartisan.apk	res/drawable-xxhdpi/message_icon_light.png	res/drawable-xxhdpi/message_icon_light.png	drawable-xxhdpi	quick_launch_picker	353c9f1afd687bf8f9400c71c656bf146157a2e2038e9d3c31549ff9a854b681	353c9f1afd687bf8f9400c71c656bf146157a2e2038e9d3c31549ff9a854b681	exact
KeyguardSmartisan.apk	res/drawable-xxhdpi/message_light_icon_disabled.png	res/drawable-xxhdpi/message_light_icon_disabled.png	drawable-xxhdpi	quick_launch_picker	73a2b692a6aba24f60119f06c2cad704d9b7005d7744b5ebf0009d4d9d2342c9	73a2b692a6aba24f60119f06c2cad704d9b7005d7744b5ebf0009d4d9d2342c9	exact
KeyguardSmartisan.apk	res/drawable-xxhdpi/multi_pin_unlock_checked.png	res/drawable-xxhdpi/multi_pin_unlock_checked.png	drawable-xxhdpi	sim_status	95fb3cab67793d3cda41f52a15cf4e4edbe842683e021ab00f772b9fb19af7ec	95fb3cab67793d3cda41f52a15cf4e4edbe842683e021ab00f772b9fb19af7ec	exact
KeyguardSmartisan.apk	res/drawable-xxhdpi/phone_icon.png	res/drawable-xxhdpi/phone_icon.png	drawable-xxhdpi	quick_launch_picker	91f3e7d0138e9191ae006f17bb4207dc65512abd61b85f834108b0cc46f7444c	91f3e7d0138e9191ae006f17bb4207dc65512abd61b85f834108b0cc46f7444c	exact
KeyguardSmartisan.apk	res/drawable-xxhdpi/phone_icon_actived.png	res/drawable-xxhdpi/phone_icon_actived.png	drawable-xxhdpi	quick_launch_picker	232595a1772b234e809ecdb14db326dbaf0dde3123c9c35428b289e0b895b87a	232595a1772b234e809ecdb14db326dbaf0dde3123c9c35428b289e0b895b87a	exact
KeyguardSmartisan.apk	res/drawable-xxhdpi/phone_icon_actived_light.png	res/drawable-xxhdpi/phone_icon_actived_light.png	drawable-xxhdpi	quick_launch_picker	762c998ff7f55b56a6713c8e3e37aa727064251ca75cec5a7d391f3c6150495f	762c998ff7f55b56a6713c8e3e37aa727064251ca75cec5a7d391f3c6150495f	exact
KeyguardSmartisan.apk	res/drawable-xxhdpi/phone_icon_disabled.png	res/drawable-xxhdpi/phone_icon_disabled.png	drawable-xxhdpi	quick_launch_picker	ae4d7aa71fc58b659de42384a47fb1b9a041d4d1cb0cb257e39c793a530505b8	ae4d7aa71fc58b659de42384a47fb1b9a041d4d1cb0cb257e39c793a530505b8	exact
KeyguardSmartisan.apk	res/drawable-xxhdpi/phone_icon_light.png	res/drawable-xxhdpi/phone_icon_light.png	drawable-xxhdpi	quick_launch_picker	0170bdd0e19b89d506697e7146c07acad0e13713c06ee32dc40de96ef259f50c	0170bdd0e19b89d506697e7146c07acad0e13713c06ee32dc40de96ef259f50c	exact
KeyguardSmartisan.apk	res/drawable-xxhdpi/phone_light_icon_disabled.png	res/drawable-xxhdpi/phone_light_icon_disabled.png	drawable-xxhdpi	quick_launch_picker	8681063937ff939acea9b4c1011caaf1c71b01b67dd6090d7dc7039924456434	8681063937ff939acea9b4c1011caaf1c71b01b67dd6090d7dc7039924456434	exact
KeyguardSmartisan.apk	res/drawable-xxhdpi/quicklunch_slide_bg_light_shadow.png	res/drawable-xxhdpi/quicklunch_slide_bg_light_shadow.png	drawable-xxhdpi	quick_launch_shadow	62ca99e8e7106f0cb67762cef4f0e147a39bd9f9196296ca1cfad3c1d57cadce	62ca99e8e7106f0cb67762cef4f0e147a39bd9f9196296ca1cfad3c1d57cadce	exact
KeyguardSmartisan.apk	res/drawable-xxhdpi/quicklunch_slide_bg_shadow.png	res/drawable-xxhdpi/quicklunch_slide_bg_shadow.png	drawable-xxhdpi	quick_launch_shadow	0fa75c0c0dc786a2e5352bb7d088b0673c4178e2d953978e369c57e27822fbfb	0fa75c0c0dc786a2e5352bb7d088b0673c4178e2d953978e369c57e27822fbfb	exact
KeyguardSmartisan.apk	res/drawable-xxhdpi/sim1_icon.png	res/drawable-xxhdpi/sim1_icon.png	drawable-xxhdpi	sim_status	0dc0dcc142de55a1b71b9087d642b441663587c1d421d62d726bb10b2a7bec45	0dc0dcc142de55a1b71b9087d642b441663587c1d421d62d726bb10b2a7bec45	exact
KeyguardSmartisan.apk	res/drawable-xxhdpi/sim2_icon.png	res/drawable-xxhdpi/sim2_icon.png	drawable-xxhdpi	sim_status	ce14fa51fee266390b46603bd4bcf52329c81e3fa2c040015500b82c103dd989	ce14fa51fee266390b46603bd4bcf52329c81e3fa2c040015500b82c103dd989	exact
KeyguardSmartisan.apk	res/drawable-xxhdpi/unfocus.png	res/drawable-xxhdpi/unfocus.png	drawable-xxhdpi	quick_launch_indicator	dc93308611fb8a290bd0953da8bcee4876cbda99a5ae985007f8e94b177ab402	dc93308611fb8a290bd0953da8bcee4876cbda99a5ae985007f8e94b177ab402	exact
KeyguardSmartisan.apk	res/drawable-xxhdpi/unfocus_light.png	res/drawable-xxhdpi/unfocus_light.png	drawable-xxhdpi	quick_launch_indicator	17ecae6a24b2c8f874efbbe51104478c42b8f43a4301c64f171e2f6602698abb	17ecae6a24b2c8f874efbbe51104478c42b8f43a4301c64f171e2f6602698abb	exact
KeyguardSmartisan.apk	res/drawable-xxhdpi-v4/btn.9.png	res/drawable-xxhdpi/btn.9.png	xxhdpi	quick_launch_ninepatch	3a3d57bc99e9047a808a2bb7431edfc3cf788d6e20b8f1f530ebcb576dc2ebbb	1866c21e23b99f97eaac3584c6b2dd59139cdc816b768de22cbf82e8c8faf836	decoded_source
KeyguardSmartisan.apk	res/drawable-xxhdpi-v4/btn_light.9.png	res/drawable-xxhdpi/btn_light.9.png	xxhdpi	quick_launch_ninepatch	3e564d81c1b2186b9df7be562c68b780f67c80ccb618939c8c11c52c395fc602	197c23bd85e9e2ddb5ebe3e5ac708d1471cc1b3599638212e16a4e3399e1fa9a	decoded_source
KeyguardSmartisan.apk	res/drawable-xxhdpi-v4/btn_pressed.9.png	res/drawable-xxhdpi/btn_pressed.9.png	xxhdpi	quick_launch_ninepatch	4df07a46eb6355cd6bb92ef43ffe9b65b99d2bcd3dd97038e90c6d9c799acce4	c330a5183bf0fcbc70ad98525f59d9bd099349eb724d131e713d8f8a300f64bf	decoded_source
KeyguardSmartisan.apk	res/drawable-xxhdpi-v4/btn_pressed_light.9.png	res/drawable-xxhdpi/btn_pressed_light.9.png	xxhdpi	quick_launch_ninepatch	8e076a1e385159c76e0b304bc2074f1dd332f95ecad41a1c395acc668c6d3b11	092c790719581ae5832d46189a2591bdef1d94da1d3e067c45f5b60760d6ea23	decoded_source
KeyguardSmartisan.apk	res/drawable-xxhdpi-v4/popup_bg.9.png	res/drawable-xxhdpi/popup_bg.9.png	xxhdpi	quick_launch_ninepatch	17c6d9e83bf14d1bc2fefeb4687a55995e4a3d9ea1ea8f19941b0e39d4ca0371	60cfe469c781cca7e71051cd9f612e188adac2bd9dd3d2a9f4409ffe85987d40	decoded_source
KeyguardSmartisan.apk	res/drawable-xxhdpi-v4/popup_bg_light.9.png	res/drawable-xxhdpi/popup_bg_light.9.png	xxhdpi	quick_launch_ninepatch	52217d8ddc4c5eaa71ef920442e8cf000325fb36d2119e23f10d4a432efccd50	8ad998f13c2cb4a51f4df5eab5e3d04761809bf2de6da69fee93fd3ac110dfdc	decoded_source
KeyguardSmartisan.apk	res/drawable-xxhdpi-v4/popup_top.9.png	res/drawable-xxhdpi/popup_top.9.png	xxhdpi	quick_launch_ninepatch	38173d36b37d3a4ab3ed403ef2ab91febb4083d72feb30bff69f855fe458ef95	d74e511dd3416c65e3144d3af34384b42d0e212f61f33ba4103f65621bb15bc5	decoded_source
KeyguardSmartisan.apk	res/drawable-xxhdpi-v4/popup_top_light.9.png	res/drawable-xxhdpi/popup_top_light.9.png	xxhdpi	quick_launch_ninepatch	78ab0b2daafad93be49a71c48f14b9c6f766a4f22b31e8a96f3d479250c7e100	6f00a843c2e5ce24658d43ac803418e3ce0097ab55a1cdc96dafdc938732d584	decoded_source
